lyrics_chunk,song,artist,year,rank,source,decade,mood
you never close your eyes anymore when i kiss your lips and theres no tenderness like before in your fingertips youre trying hard not to show it but baby baby i know ityou lost that lovin feelin whoa that lovin feelin you lost that lovin feelin now its gone gone gone wohnow theres no welcome look in your eyes when i reach for you and now youre starting to criticize little things i do it makes me just feel like crying cause baby something beautifuls dyinyou lost that lovin feelin whoa that lovin feelin you lost that lovin feelin now its gone gone gone wohbaby baby id get down on my knees for you if you would only love me like you used to do yeah we had a love a love a love you dont find everyday so dont dont dont dont let it slip awaybaby baby baby baby i beg you please please please please i need your love need your love i need your love i need your love so bring it on back so bring it on back bring it on back bring it on backbring back that lovin feelin whoa that lovin feelin bring back that lovin feelin cause its gone gone gone and i cant go on wohbring back that lovin feelin whoa that lovin feelin bring back that lovin feelin cause its gone gone gone,youve lost that lovin feelin,the righteous brothers,1965,5,1,1960s,confident
i said Ì¢shotgun shoot em for he runs now do the jerk baby do the jerk now heyÌ¢ put on your red dress and then you go downtown now i said Ì¢buy yourself a shotgun now were gonna break it down baby now were gonna load it up baby now and then you shoot him for he runs nowÌ¢ shotgun shoot em for he runs now do the jerk baby do the jerk now hey put on your high heels shoes i said were goin down here listen to em play blues were gonna dig potatoes were gonna pick tomatoes i said Ì¢shotgun shoot em for he runs now do the jerk baby do the jerk now heyÌ¢ i said Ì¢its twine timeÌ¢ i said Ì¢its twine timeÌ¢ i said Ì¢its twine timeÌ¢ hey,shotgun,junior walker the all stars,1965,15,3,1960s,confident
come here sister papas in the swing he aint too hip about that new breed babe he aint no drag papas got a brand new bagcome here mama and dig this crazy scene hes not too fancy but his line is pretty clean he aint no drag papas got a brand new baghes doing the jerk hes doing the fly dont play him cheap cause you know he aint shy hes doing the monkey the mashed potatoes jump back jack see you later alligatorcome here sister papas in the swing he aint too hip now but i can dig that new breed babe he aint no drag hes got a brand new bag,papas got a brand new bag,james brown,1965,33,1,1960s,confident
once upon a time you dressed so fine threw the bums a dime in your prime didnt you people call say beware doll youre bound to fall you thought they were all kidding you you used to laugh about everybody that was hanging out now you dont talk so loud now you dont seem so proud about having to be scrounging your next mealhow does it feel how does it feel to be without a home like a complete unknown like a rolling stoneahh youve gone to the finest schools alright miss lonely but you know you only used to get juiced in it nobodys ever taught you how to live out on the street and now youre gonna have to get used to it you say you never compromise with the mystery tramp but now you realize hes not selling any alibis as you stare into the vacuum of his eyes and say do you want to make a dealhow does it feel how does it feel to be on your own with no direction home a complete unknown like a rolling stoneah you never turned around to see the frowns on the jugglers and the clowns when they all did tricks for you you never understood that it aint no good you shouldnt let other people get your kicks for you you used to ride on a chrome horse with your diplomat who carried on his shoulder a siamese cat aint it hard when you discovered that he really wasnt where its at after he took from you everything he could stealhow does it feel how does it feel to have on your own with no direction home like a complete unknown like a rolling stoneahh princess on a steeple and all the pretty people theyre all drinking thinking that theyve got it made exchanging all precious gifts but you better take your diamond ring you better pawn it babe you used to be so amused at napoleon in rags and the language that he used go to him he calls you you cant refuse when you aint got nothing you got nothing to lose youre invisible now youve got no secrets to concealhow does it feel ah how does it feel to be on your own with no direction home like a complete unknown like a rolling stone,like a rolling stone,bob dylan,1965,41,1,1960s,confident
here they come again mmm catch us if you can mmm time to get a move on mmm we will yell with all of our might catch us if you can catch us if you can catch us if you can catch us if you can now we gotta run mmm no more time for fun mmm when were getting angry mmm we will yell with all of our might catch us if you can catch us if you can catch us if you can catch us if you can yeah here they come again mmm catch us if you can mmm time to get a move on mmm we will yell with all of our might catch us if you can catch us if you can catch us if you can catch us if you can,catch us if you can,the dave clark five,1965,54,3,1960s,confident
ian whitcomb miscellaneous you turn me on turn on song you turn me on ian whitcomb come on now honey you know you really turn me on come on now honey you know you really turn me on and when and when you do uh huh huh huh uh uh thats my song come on now baby come on and do the jerk with me come on now honey come on and do the jerk with me and if if you do uh huh huh huh uh uh thats my song break come on now baby you know you really turn me on ah come on now honey you know you really turn me on ah yeah and when and when you do uh huh huh huh uh uh thats my song lets go taken from the 45 from kay w simons,you turn me on,ian whitcomb,1965,57,3,1960s,confident
well ill be doggone if i wouldnt work all day and ill be doggone if i wouldnt bring you my pay baby but if i ever caught you running around blowing my money all over this town then i wouldnt be doggone hey hey id be long gone then i wouldnt be doggone wouldnt be doggone id be long gone mmhmm id be long gone now hey hey heyill be doggone if you aint a pretty thing baby and ill be doggone if you aint warm as a breath of spring baby and if we live to be a hundred years old if you ever let that spring turn cold then i wouldnt be doggone wouldnt be doggone hey hey hey id be long gone id be long gone oh i wouldnt be doggone wouldnt be doggone baby id be long gone id be long gone mmhmm now did you hear me well now what i say oh believe mewell every woman should try to be whatever her man wants her to be and i dont want much all i want from you is for you to be true to meill be doggone if love aint a mans best friend oh baby oh baby and ill be doggone if you aint the loving end baby though i know you make me feel like nobody could if i ever found out that youre no good then i wouldnt be doggone wouldnt be wouldnt be wouldnt be doggone id be long gone id be long gone well i wouldnt be doggone wouldnt be doggone id be long gone id be long gone i wouldnt be doggone wouldnt be doggone catch me a train id be long gone no baby i wouldnt be doggone im gonna catch me a train,ill be doggone,marvin gaye,1965,58,1,1960s,confident
well she was walking down the street looking fine as she could be hey hey well she was walking down that street looking fine as she can be well you know i love you baby wo yeah what id say shes about a mover shes about a mover shes about a mover shes about a mover hey hey hey hey what id say shes about a mover shes about a mover well you know i love you baby wo yeah what id say hey hey she strolled on up to me said hey big boy whats your name hey hey well she strolled on up to me she said hey big boy whats your name if you want love and conversation wo yeah what id say shes about a mover shes about a mover shes about a mover shes about a mover hey hey hey hey what id say shes about a mover shes about a mover if you want love and conversation wo yeah what id say hey hey well you know i love you baby wo yeah what id say hey hey come on do it to me baby yeah,shes about a mover,sir douglas quintet,1965,65,5,1960s,confident
shake shake shake shakelistenlisten while i talk to you i tell you what were gonna do theres a new thing thats going around and ill tell you what theyre puttin downjust move your body all around and just shake oh mamma shake thats the way to do it shake oh youre looking good now shake yeah hashake it like a bowl of soup and make your body loop de loop put your hands on your hips and kinda let your backbone slip move your body like a whip and just shakeumm thats doing it shake yeah youre looking good now shake go on do it baby shake yeah ohha ringalingaling honey shakin is the latest thing and if you want to swing just loosen up them shouldersand if you want to really roll you got to do the thing with soul shake the shake with all your might oh if you do it do it right just make your body loose and light and kinda shake oh honeyshake hoo shake oh thats the way to do it shake ah ah ah ah ahyeahalrightoh youre doing it now honeycmon loosen up them shouldersif you want to really roll got to do the thing with soul shake the shake with all your might now if you do it do it right make your body loose and light and just shake oh i like to do it shake make me feel good now shake all gone baby shake dont be shy now shake dance with you mama shake dont do it baby shake oh yeah shake,shake,sam cooke,1965,66,1,1960s,confident
go away from my window leave at your own chosen speed im not the one you want babe im not the one you needyou say youre lookin for someone whos never weak but always strong to protect you an defend you whether you are right or wrongsomeone to open each and every door but it aint me babe no no no it aint me babe well it aint me youre lookin for babego lightly from the ledge babe go lightly on the ground im not the one you want babe ill only lead your downyou say youre lookin for someone wholl promise never to part someone to close his eyes to you someone to close his heartsomeone who will die for you an more but it aint me babe no no no it aint me babe well it aint me youre lookin for babe no it aint me youre lookin for babei said no no no it aint me babe i said no no no it aint me babe i said no no no it aint me babe i said no no no it aint me babe,it aint me babe,the turtles,1965,73,1,1960s,confident
when youre alone and life is making you lonely you can always go downtown when youve got worries all the noise and the hurry seems to help i know downtownjust listen to the music of the traffic in the city linger on the sidewalk where the neon signs are pretty how can you lose the lights are much brighter there you can forget all your troubles forget all your caresso go downtown things will be great when youre downtown no finer place for sure downtown every things waiting for youdont hang around and let your problems surround you there are movie shows downtown maybe you know some little places to go to where they never close downtownjust listen to the rhythm of a gentle bossa nova youll be dancing with em too before the night is over happy again the lights are much brighter there you can forget all your troubles forget all your caresso go downtown where all the lights are bright downtown waiting for you tonight downtown youre gonna be alright nowdowntownand you may find somebody kind to help and understand you someone who is just like you and needs a gentle hand to guide them along so maybe ill see you there we can forget all our troubles forget all our caresso go downtown things will be great when youre downtown dont wait a minute more downtown everything is waiting for you downtown downtown downtown downtown,downtown,petula clark,1965,6,1,1960s,happy
carterlewis every time i see you lookin my way baby baby cant you hear my heartbeat in the car or walking down the highway baby baby cant you hear my heartbeat when you move up closer to me i get a feelin thats ooowee cant you hear the poundin of my heartbeat cause youre the one i love youre the one i love when i feel you put your arms around me baby baby cant you hear my heartbeat then im glad im mighty glad i found you baby baby cant you hear my heartbeat when you asked me to meet your ma i knew that baby wed be going far cant you hear the poundin of my heartbeat cause youre the one i love youre the one i love rhythm guitar all my friends are cryin out to meet you baby baby cant you hear my heartbeat nows the time to go and see the preacher baby baby cant you hear my heartbeat wedding bells are gonna chime baby baby youre gonna be mine cant you hear the poundin of my heartbeat cause youre the one i love youre the one i love baby baby cant you hear my heartbeat baby baby cant you hear my heartbeat baby baby cant you hear my heartbeat,cant you hear my heart beat,hermans hermits,1965,8,5,1960s,happy
ive got sunshine on a cloudy day when its cold outside ive got the moth of may well i guess you say what can make me feel this way my girl talkin bout my girl my girl ive got so much honey the bees envy me ive got a sweeter song than the birds in the trees well i guess you say what can make me feel this way my girl talkin bout my girl my girl i dont need no money fortune or fame i got all the riches baby one man can claim well i guess you say what can make me feel this way my girl talkin bout my girl my girl i got sunshine on a cloudy day with my girl ive even got the month of may with my girl talkin bout talkin bout my girl my girl all i can talk about is my girl my girl,my girl,the temptations,1965,10,3,1960s,happy
let me tell ya bout the birds and the bees and the flowers and the trees and the moon up above and a thing called love let me tell ya bout the stars in the sky and a girl and a guy and the way they could kiss on a night like this when i look into your big brown eyes its so very plain to see that its time you learned about the facts of life starting from a to z let me tell ya bout the birds and the bees and the flowers and the trees and the moon up above and a thing called love yeah when i look into your big brown eyes its so very plain to see that its time you learned about the facts of life starting from a to z let me tell ya bout the birds and the bees and the flowers and the trees and the moon up above and a thing called love let me tell ya bout the birds and the bees and the flowers and the trees and the birds and the bees and the flowers and the trees bout the birds and the bees and the bees and the bees,the birds and the bees,jewel akens,1965,13,3,1960s,happy
they say were young and we dont know we wont find out until we grow well i dont know if all thats true cause you got me and baby i got you babe i got you babe i got you babe they say our love wont pay the rent before its earned our moneys all been spent i guess thats so we dont have a pot but at least im sure of all the things we got babe i got you babe i got you babe i got flowers in the spring i got you to wear my ring and when im sad youre a clown and if i get scared youre always around dont let them tell your hairs too long cause i dont care with you i cant go wrong then put your little hand in mine there aint no hill or mountain we cant climb babe i got you babe i got you babe i got you to hold my hand i got you to understand i got you to walk with me i got you to talk with me i got you to kiss goodnight i got you to hold me tight i got you i wont let go i got you to love me so i got you babe i got you babe i got you babe,i got you babe,sonny cher,1965,16,3,1960s,happy
are you ready yes im ready are you ready yes im ready i dont even know how to love you just the way you want me to but im ready ready to learn yes im ready ready to learn to fall in love to fall in love to fall in love with you i dont even know how to hold your hand just to make you understand but im ready ready to learn yes im ready ready to learn to hold your hand and make you understand to hold your hand right now i dont even know how to kiss your lips kiss your lips at a moment like this but im going to learn how to do all the things you want me to are you ready yes im ready are you ready yes im ready to fall in love to fall in love to fall in love right now are you ready yes im ready are you ready yes im ready to kiss me yes im ready to love me to kiss you to love you to hug you baby im ready,yes im ready,barbara mason,1965,27,5,1960s,happy
whats new pussycat woah woah whats new pussycat woah woahpussycat pussycat ive got flowers and lots of hours to spend with you so go and powder your cute little pussycat nosepussycat pussycat i love you yes i do you and your pussycat nosewhats new pussycat woah woah whats new pussycat woah woahpussycat pussycat youre so thrilling and im so willing to care for you so go and make up your big little pussycat eyespussycat pussycat i love you yes i do you and your pussycat eyeswhats new pussycat woah woah whats new pussycat woah woahpussycat pussycat youre delicious and if my wishes can all come true ill soon be kissing your sweet little pussycat lipspussycat pussycat i love you yes i do you and your pussycat lips you and your pussycat eyes you and your pussycat nose,whats new pussycat,tom jones,1965,28,1,1960s,happy
hang on sloopy sloopy hang on hang on sloopy sloopy hang on sloopy lives in a very bad part of town and everybody there tries to put my sloopy down sloopy i dont care what your daddy do cause you know sloopy girl im in love with you and so im singing yeah yeah yeah yeah sloopy let your hair down girl let it run down on me sloopy let your hair down girl let it run down on me come on sloopy come on come on come on sloopy come on come on well come on sloopy come on come on well come on sloopy come on come on well it feels so good come on come on you know it feels so good come on come on well shake it shake it shake it sloopy come on come on well shake it shake it shake it yeah yeah yeah yeah yeah yeah,hang on sloopy,the mccoys,1965,30,3,1960s,happy
the purpose of a man is to love a woman and the purpose of a woman is to love a man so come on baby lets start today come on baby lets play the game of love love la la la la la love it started long ago in the garden of eden when adam said to eve baby youre for me so come on baby lets start today come on baby lets play the game of love love la la la la la love come on baby cause the time is right love your daddy with all your might put your arms around me hold me tight play the game of love the purpose of a man is to love a woman and the purpose of a woman is to love a man so come on baby lets start today come on baby lets play the game of love love la la la la la love come on baby cause the time is right love your daddy with all your might put your arms around me hold me tight play the game of love the purpose of a man is to love a woman and the purpose of a woman is to love a man so come on baby lets start today come on baby lets play the game of love love la la la la la love the game of love baby the game of la la la la love the game of love baby the game of la la la la love the game of love baby,game of love,wayne fontana the mindbenders,1965,34,3,1960s,happy
shirley ellis miscellaneous the name game the name game shirley shirley shirley bo birley bonana fanna fo firley fee fy mo mirley shirley lincoln lincoln lincoln bo bincoln bonana fanna fo fincoln fee fy mo mincoln lincoln come on everybody i say now lets play a game i betcha i can make a rhyme out of anybodys name the first letter of the name i treat it like it wasnt there but a b or an f or an m will appear and then i say bo add a b then i say the name and bonana fanna and a fo and then i say the name again with an f very plain and a fee fy and a mo and then i say the name again with an m this time and there isnt any name that i cant rhyme arnold arnold arnold bo barnold bonana fanna fo farnold fee fy mo marnold arnold but if the first two letters are ever the same i drop them both and say the name like bob bob drop the bs bo ob for fred fred drop the fs fo red for mary mary drop the ms mo ary thats the only rule that is contrary okay now say bo bo now tony with a b bony then bonana fanna fo bonana fanna fo then you say the name again with an f very plain fony then a fee fy and a mo fee fy mo then you say the name again with an m this time mony and there isnt any name that you cant rhyme every body do tony pretty good lets do billy very good lets do marsha a little trick with nick the name game,the name game,shirley ellis,1965,35,3,1960s,happy
trailer for sale or rent rooms to let fifty cents no phone no pool no pets i aint got no cigarettes ah but two hours of pushin broom buys an eight by twelve fourbit room im a man of means by no means king of the roadthird boxcar midnight train destination bangor maine old worn out clothes and shoes i dont pay no union dues i smoke old stogies i have found short but not too big around im a man of means by no means king of the roadi know every engineer on every train all of their children and all of their names and every handout in every town and every lock that aint locked when no ones aroundi sing trailers for sale or rent rooms to let fifty cents no phone no pool no pets i aint got no cigarettes ah but two hours of pushin broom buys an eight by twelve fourbit room im a man of means by no means king of the road,king of the road,roger miller,1965,12,1,1960s,reflective
hold me hold me never let me go until youve told me told me what i want to know and then just hold me hold me make me tell you im in love with you thrill me thrill me thrill me thrill me walk me down the lane where shadows will be will be will be will be hiding lovers just the same as well be well be when you make me tell you i love you they told me be sensible with your new love dont be fooled thinking this is the last youll find but they never stood in the dark with you love when you take me in your arms and drive me slowly out of my mind kiss me kiss me kiss me kiss me and when you do ill know that you will miss me miss me miss me miss me if we ever say adieu so kiss me kiss me make me tell you im in love with you kiss me kiss me kiss me kiss me when you do ill know that you will miss me miss me miss me miss me if we ever say adieu so kiss me kiss me make me tell you im in love with you hold me thrill me never never never let me go never never never let me go hold me thrill me never never never let me go never never never let me go fade,hold me thrill me kiss me,mel carter,1965,14,1,1960s,reflective
oh my love my darling ive hungered for your touch a long lonely time time goes by so slowly and time can do so much are you still mine i need your love i need your love god speed your love to me meaning byamandah editor written in 1955 unchained melody has become one of the mostrecorded songs of the 20th centurythe righteous brothers version remaining probably the most see all lonely rivers flow to the sea to the sea to the open arms of the sea lonely rivers sigh wait for me wait for me ill be coming home wait for meoh my love my darling ive hungered for your touch a long lonely time time goes by so slowly and time can do so much are you still mine i need your love i need your love god speed your love to me lonely mountains gaze at the stars at the stars waiting for the dawn of the dayall alone i gaze at the stars at the stars dreaming of my love far away,unchained melody,the righteous brothers,1965,21,1,1960s,reflective
theres a new world somewhere they call the promised land and ill be there someday if you will hold my handi still need you there beside me no matter what i do for i know ill never find another youthere is always someone for each of us they say and youll be my someone forever and a dayi could search the whole world over until my life is through but i know ill never find another youits a long long journey so stay by my side when ill walk through the storm youll be my guide be my guideif they gave me a fortune my pleasure would be small i could lose it all tomorrow and never mind at allbut if i should lose your love dear i dont know what id do for i know ill never find another youbut if i should lose your love dear i dont know what id do for i know ill never find another you another you another you,ill never find another you,the seekers,1965,23,1,1960s,reflective
hey mr tambourine man play a song for me im not sleepy and there aint no place im going to hey mr tambourine man play a song for me in the jingle jangle morning ill come followin youtake me for a trip upon your magic swirling ship all my senses have been stripped and my hands cant feel to grip and my toes too numb to step wait only for my boot heels to be wanderingim ready to go anywhere im ready for to fade into my own parade cast your dancing spell my way i promise to go under ithey mr tambourine man play a song for me im not sleepy and there aint no place im going to hey mr tambourine man play a song for me in the jingle jangle morning ill come followin you,mr tambourine man,the byrds,1965,25,1,1960s,reflective
a month of nights a year of days octobers drifting into mays i set my sail when the tide comes in i just cast my fate to the wind i shift my course along the breeze wont sail upwind on memories the empty sky is my best friend i just cast my fate to the wind a month of nights a year of days octobers drifting into mays i set my sail when the tide comes in i just cast my fate to the wind,cast your fate to the wind,sounds orchestral,1965,26,3,1960s,reflective
gerry miscellaneous ferry cross the mersey ferry cross the mersey gerry and pace makers gerry marsden life goes on day after day hearts torn in every way so ferry cross the mersey cause this lands the place i love and here ill stay people they rush everywhere each with their own secret care so ferry cross the mersey and always take me there the place i love people around every corner they seem to smile and say we dont care what your name is boy well never turn you away so ill continue to say here i always will stay so ferry cross the mersey cause this lands the place i love and here ill stay and here ill stay here ill stay,ferry cross the mersey,gerry and the pacemakers,1965,43,3,1960s,reflective
original is an instrumental music vocals recorded by salena jones the trees join hands and say hello and suddenly evrywhere we go the sun beams through in fun the leaves form patterns like a heart and whisper forever never part be true cause i love you shadows write words of love across our path birds sing how lucky those whose love just grows together blades of grass stand on and on and chatter together in a calm thats green and so serene a memry of our walk of love in a dream a stream goes by reflecting a message from the sky above and here and there we look around to see other lovers who have found their way crickets tap out their symphony in code rabbits run helter skelter finding shelter here and flowers swaying in the breeze look up to the branches of the trees and sing as birds take wing all this is true cause i love you,a walk in the black forest,horst jankowski,1965,47,3,1960s,reflective
goldfinger hes the man the man with the midas touch a spiders touch such a cold finger beckons you to enter his web of sin but dont go ingolden words he will pour in your ear but his lies cant disguise what you fear for a golden girl knows when hes kissed her its the kiss of death from mister goldfinger pretty girl beware of his heart of gold this heart is coldgolden words he will pour in your ear but his lies cant disguise what you fear for a golden girl knows when hes kissed her its the kiss of death from mister goldfinger pretty girl beware of his heart of gold this heart is coldhe loves only gold only gold he loves gold he loves only gold only gold he loves gold,goldfinger,shirley bassey,1965,51,1,1960s,reflective
some men climb the mountains some men swim the seas some men fly above the sky they are what they must be baby the rain must fall baby the wind must blow wherever my heart leads me baby i must go baby i must go i do not love for silver i do not love for gold my heart is mine to give away it never will be sold baby the rain must fall baby the wind must blow wherever my heart leads me baby i must go baby i must go,baby the rain must fall,glenn yarbrough,1965,53,3,1960s,reflective
help i need somebody help not just anybody help you know i need someone help when i was younger so much younger than today i never needed anybodys help in any way but now these days are gone im not so selfassured now i find ive changed my mind and opened up the doors help me if you can im feeling down and i do appreciate you being round help me get my feet back on the ground wont you please please help me and now my life has changed in oh so many ways my independence seems to vanish in the haze but every now and then i feel so insecure i know that i just need you like ive never done before help me if you can im feeling down and i do appreciate you being round help me get my feet back on the ground wont you please please help me when i was younger so much younger than today i never needed anybodys help in any way but now these days are gone im not so selfassured now i find ive changed my mind ive opened up the doors help me if you can im feeling down and i do appreciate you being round help me get my feet back on the ground wont you please please help me help me help me ooo,help,the beatles,1965,7,3,1960s,sad
you saw me crying in the chapel the tears i shed were tears of joy i know the meaning of contentment i am happy with the lordjust a plain and simple chapel where all bumble people go to pray i prayed the lord that ill grow stronger as i live from day to dayi searched i searched and i searched i searched but i couldnt find no way on earth to gain peace of mindnow im happy in the chapel where people are of one accord one accord yes we gather in the chapel just to sing and praise the lordyoull search and youll search but youll never find no way on earth to find peace of mindtake your troubles to the chapel get down on your knees and pray then your burdens will be lighter and youll surely find the way and youll surely find the way,crying in the chapel,elvis presley,1965,9,1,1960s,sad
well since she put me down i ve been out doin in my head come in late at night and in the mornin i just lay in bed well rhonda you look so fine look so fine and i know it wouldnt take much time for you to help me rhonda help me get her out of my heart help me rhonda help help me rhonda help me rhonda help help me rhonda help me rhonda help help me rhonda help me rhonda help help me rhonda help me rhonda help help me rhonda help me rhonda help help me rhonda help me rhonda yeah get her out of my heart she was gonna be my wife and i was gonna be her man but she let another guy come between us and it ruined our plan well rhonda you caught my eye caught my eye and i can give you lotsa reasons why you gotta help me rhonda help me get her out of my heart help me rhonda help help me rhonda help me rhonda help help me rhonda help me rhonda help help me rhonda help me rhonda help help me rhonda help me rhonda help help me rhonda help me rhonda help help me rhonda help me rhonda yeah get her out of my heart help me rhonda help help me rhonda help me rhonda help help me rhonda help me rhonda help help me rhonda help me rhonda help help me rhonda help me rhonda help help me rhonda help me rhonda help help me rhonda help me rhonda yeah get her out of my heart help me rhonda help help me rhonda help me rhonda help help me rhonda help me rhonda help help me rhonda help me rhonda help help me rhonda,help me rhonda,the beach boys,1965,11,3,1960s,sad
who wants to buy this diamond ring she took it off her finger now it doesnt mean a thing this diamond ring doesnt shine for me anymore and this diamond ring doesnt mean what it did before so if youve got someone whose love is true let it shine for you this stone is genuine like love should be and if your babys truer than my baby was to me this diamond ring can mean something beautiful and this diamond ring can mean dreams that are coming true and then your heart wont have to break like mine did if theres love behind it this diamond ring can mean something beautiful and this diamond ring can be dreams that are coming true and then your heart wont have to break like mine did if theres love behind it this diamond ring doesnt shine for me anymore and this diamond ring doesnt mean what it did before so if youve got someone whose love is true let it shine for you,this diamond ring,gary lewis the playboys,1965,17,3,1960s,sad
mrs brown youve got a lovely daughter girls as sharp as her are somethin rare but its sad she doesnt love me now shes made it clear enough it aint no good to pineshe wants to return those things i bought her tell her she can keep them just the same things have changed she doesnt love me now shes made it clear enough it aint no good to callwalkin about even in a crowd well youll pick her out makes a bloke feel so proudif she finds that ive been round to see you tell her that im well and feelin fine dont let on dont say she broke my heart id go down on my knees but its no good to pinewalkin about even in a crowd well youll pick her out makes a bloke feel so proudif she finds that ive been round to see you tell her that im well and feelin fine dont let on dont say she broke my heart id go down on my knees but its no good to pinemrs brown youve got a lovely daughter mrs brown youve got a lovely daughter mrs brown youve got a lovely daughter,mrs brown youve got a lovely daughter,hermans hermits,1965,19,1,1960s,sad
stop in the name of love before you break my heartbaby baby im aware of where you go each time you leave my door i watch you walk down the street knowing your other love youll meet but this time before you run to her leaving me alone and hurt think it over after ive been good to you think it over after ive been sweet to youstop in the name of love before you break my heart stop in the name of love before you break my heart think it over think it overive known of your your secluded nights ive even seen her maybe once or twice but is her sweet expression worth more than my love and affection but this time before you leave my arms and rush off to her charms think it over havent i been good to you think it over havent i been sweet to youstop in the name of love before you break my heart stop in the name of love before you break my heart think it over think it overive tried so hard hard to be patient hoping youd stop this infatuation but each time you are together im so afraid ill be losing you foreverstop in the name of love before you break my heart stop in the name of love before you break my heart stop in the name of love,stop in the name of love,the supremes,1965,20,1,1960s,sad
slaycrewetook a walk and passed your house late last night all the shades were pulled and drawn way down tight from within the dim light cast two silhouettes on the shade oh what a lovely couple they madeput his arms around your waist held you tight kisses i could almost taste in the night wondered why im not the guy whos silhouettes on the shade i couldnt hide the tears in my eyesahahahahah ahahahahah lead guitar lost control and rang your bell i was sore let me in or else ill beat down your door when two strangers who have been two silhouettes on the shade said to my shock youre on the wrong blockrushed down to your house with wings on my feet loved you like id never loved you my sweet vowed that you and i would be two silhouettes on the shade all of our days two silhouettes on the shadeahahahahah ahahahahah,silhouettes,hermans hermits,1965,22,1,1960s,sad
mantovani cara mia why must we say goodbye each time we part my heart wants to die darling hear my prayer cara mia fair ill be your love till the end of time cara mia mine cara mia mine cara mia mine cara mia mine cara mia why must we say goodbye each time we part my heart wants to die darling hear my prayer cara mia fair ill be your love till the end of time cara mia mine cara mia mine cara mia mine cara mia mine oh oh oh oh oh oh oh oh oh oh each time we part my heart wants to die darling hear my prayer cara mia fair ill be your love till the end of time cara mia mine cara mia mine cara mia mine cara mia mine cara mia mine cara mia mine cara mia mine cara mia mine,cara mia,jay and the americans,1965,24,3,1960s,sad
the eastern world it is explodin violence flarin bullets loadin youre old enough to kill but not for votin you dont believe in war but whats that gun youre totin and even the jordan river has bodies floatinbut you tell me over and over and over again my friend ah you dont believe were on the eve of destructiondont you understand what im trying to say cant you feel the fears that im feeling today if the button is pushed theres no running away therell be none to save with the world in a grave take a look around you boy its bound to scare you boyand you tell me over and over and over again my friend ah you dont believe were on the eve of destructionyeah my bloods so mad feels like coagulatin im sittin here just contemplatin i cant twist the truth it knows no regulation handful of senators dont pass legislationand marches alone cant bring integration when human respect is disintegratin this whole crazy world is just too frustratinand you tell me over and over and over again my friend ah you dont believe were on the eve of destructionthink of all the hate there is in red china then take a look around to selma alabama ah you may leave here for four days in space but when you return its the same old placethe poundin of the drums the pride and disgrace you can bury your dead but dont leave a trace hate your next door neighbor but dont forget to say graceand tell me over and over and over and over again my friend you dont believe were on the eve of destruction no no you dont believe were on the eve of destruction,eve of destruction,barry mcguire,1965,29,1,1960s,sad
i think im gonna be sad i think its today yeah the girl thats driving me mad is going away shes got a ticket to ride shes got a ticket to ride shes got a ticket to ride but she dont care she said that living with me is bringing her down yeah for she would never be free when i was around shes got a ticket to ride shes got a ticket to ride shes got a ticket to ride but she dont care i dont know why shes riding so high she ought to think twice she ought to do right by me before she gets to saying goodbye she ought to think twice she ought to do right by me i think im gonna be sad i think its today yeah the girl thats driving me mad is going away yeah oh shes got a ticket to ride shes got a ticket to ride shes got a ticket to ride but she dont care i dont know why shes riding so high she ought to think twice she ought to do right by me before she gets to saying goodbye she ought to think twice she ought to do right by me she said that living with me was bringing her down yeah for she would never be free when i was around oh shes got a ticket to ride shes got a ticket to ride shes got a ticket to ride but she dont care my baby dont care my baby dont care my baby dont care my baby dont care my baby dont care my baby dont care,ticket to ride,the beatles,1965,31,3,1960s,sad
my baby moves at midnight goes right on till the dawn my woman takes me higher my woman keeps me warmwhat you doin on your back aah what you doin on your back aah you should be dancing yeah dancing yeahshes juicy and shes trouble she gets it to me good my woman gives me power goes right down to my bloodwhat you doin on your back aah what you doin on your back aah you should be dancing yeah dancing yeahwhat you doin on your back aah what you doin on your back aah you should be dancing yeah dancing yeahmy baby moves at midnight goes right on till the dawn yeah my woman takes me higher my woman keeps me warmwhat you doin on your back aah what you doin on your back aah you should be dancing yeah dancing yeahwhat you doin on your back aah what you doin on your back aah you should be dancing yeah dancing yeahyou should be dancing yeah you should be dancing yeah you should be dancing yeah you should be dancing yeah you should be dancing yeah you should be dancing yeah you should be dancing yeah you should be dancing yeah you should be dancing yeah you should be dancing yeah you should be dancing yeah,you should be dancing,bee gees,1976,31,1,1970s,confident
youll never find as long as you live someone who loves you tender like i do youll never find no matter where you search someone who cares about you the way i dowhoa im not braggin on myself baby but im the one who loves you and theres no one else no one elseyoull never find itll take the end of all time someone to understand you like i do youll never find the rhythm the rhyme all the magic we shared just us twowhoa im not tryin to make you stay baby but i know some how some day some way you are youre gonna miss my lovin youre gonna miss my lovin youre gonna miss my lovin youre gonna miss my lovin youre gonna miss my lovin youre gonna miss youre gonna miss my lovewhoa oh oh oh oh youre gonna miss my lovin late in the midnight hour baby youre gonna miss my lovin when its cold outside youre gonna miss my lovin youre gonna miss youre gonna miss my loooveyoull never find another love like mine someone who needs you like i do youll never see what youve found in me youll keep searching and searching your whole life throughwhoa i dont wish you no bad luck baby but theres no ifs and buts or maybesyoure gonna youre gonna miss miss my lovin youre gonna miss my lovin youre gonna miss my lovin i know youre gonna my lovin youre gonna miss my lovin youre gonna miss youre gonna miss my lovewhoa oh oh oh oh youre gonna miss my lovin late in the midnight hour baby youre gonna miss my lovin when it gets real cold outside youre gonna miss my lovin i know i know that you are gonna miss my looovelet me tell you that youre gonna miss my lovin yes you will baby youre gonna miss my lovin when im long gone i know i know i know that you are gonna miss,youll never find another love like mine,lou rawls,1976,32,1,1970s,confident
i love to love you baby i love to love you baby i love to love you baby i love to love you baby i love to love you babywhen youre laying so close to me theres no place id rather you be than with mei love to love you baby i love to love you baby i love to love you babydo it to me again and again you put me in such a awful spin in a spini love to love you baby i love to love you baby i love to love you babylay your head down real close to me soothe my mind and set me free set me freeuh love to love you baby uh love to love you baby uh love to love you baby uh love to love you baby uh love to love you baby uh love to love you babywhen youre laying so close to me theres no place id rather you be than with mei love to love you baby i love to love you baby i love to love you babydo it to me again and again you put me in such a awful spin in a spini love to love you baby i love to love you baby i love to love you baby i love to love you baby i love to love you baby i love to love you baby i love to love you baby,love to love you baby,donna summer,1976,41,1,1970s,confident
you made a fool of me but them broken dreams have got to endhey woman you got the blues cause you aint got no one else to use theres an open road that leads nowhere so just make some miles between here and theretheres a hole in my head where the rain comes in you took my body and played to win ha ha woman its a crying shame but you aint got nobody else to blameevil woman evil woman evil woman evil womanrolled in from another town hit some gold too hot to settle down cause a fool and his money soon go separate ways you found a fool lyin in a dazeha ha woman what you gonna do you destroyed all the virtues that the lord gave you its so good that youre feeling pain but you better get your face on board the very next trainevil woman evil woman evil woman youre an evil woman evil womanevil woman evil woman evil woman youre an evil woman evil womanevil woman how you done me wrong now youre tryin to wail a different song ha ha funny how you broke me up you made the wine now you drink the cupi came runnin every time you cried thought i saw love smilin in your eyes ha ha very nice to know that you aint got no place left to goevil woman evil woman evil woman youre an evil woman evil womansuch an evil woman evil woman youre an evil woman evil womansuch an evil woman evil woman youre an evil woman evil woman,evil woman,electric light orchestra,1976,70,1,1970s,confident
i dont wanna know your name cause you dont look the same the way you did before okay you think you got a pretty face but the rest of you is out of place you looked all right before fox on the run you scream and everybody comes a running take a run and hide yourself away foxy on the run ffoxy fox on the run and hide away you you talk about just every band but the names you drop are second hand ive heard it all before i dont wanna know your name cause you dont look the same the way you did before fox on the run you scream and everybody comes a running take a run and hide yourself away foxy on the run ffoxy fox on the run and hide away ffoxy fox on the run you scream and everybody comes a running take a run and hide yourself away foxy on the run ffoxy fox on the run and hide away fox on the run fox on the run fox on the run fox on the run,fox on the run,sweet,1976,76,3,1970s,confident
free fire and water all right now fraserrodgers there she stood in the streets smilin from her head to her feet i said hey what is this now baby maybe shes in need of a kiss i said hey whats your name baby maybe we can see things the same now dont you wait or hesitate lets move before they raise the parking rate all right now baby its all right now all right now baby its all right now i took her home to my place watching every move on her face she said look whats your game baby are you tryin to put me in shame i said slow dont go so fast dont you think that love could last she said love lord above oh now you are tryin to trick me in love all right now baby its all right now all right now baby its all right now let me tell you all about it now took her home to my place watching every move on her face she said look whats your game are you tryin to put me in shame baby i said slow slow dont go so fast dont you think that love could last she said love lord above now you are tryin to trick me in love all right now baby its all right now all right now baby its all right now all right now baby its all right now all right now baby baby baby its all right all right now baby its all right its all right its all right all right now baby its all right now eh we are so happy together its all right its all right its all right everything its all right,all right now,free,1970,27,3,1970s,confident
a goddess on a mountain top was burning like a silver flame the summit of beauty and love and venus was her nameshes got it yeah baby shes got it well im your venus im your fire at your desire well im your venus im your fire at your desireher weapons were her crystal eyes making every man mad black as the dark night she was got what noone else had wowshes got it yeah baby shes got it well im your venus im your fire at your desire well im your venus im your fire at your desireahahahahahahah ahahahahahahahshes got it yeah baby shes got it well im your venus im your fire at your desire well im your venus im your fire at your desire,venus,shocking blue,1970,33,1,1970s,confident
instant karmas gonna get you gonna knock you right on the head you better get yourself together pretty soon youre gonna be dead what in the world you thinking of laughing in the face of love what on earth you tryin to do its up to you yeah youinstant karmas gonna get you gonna look you right in the face better get yourself together darlin join the human race how in the world you gonna see laughin at fools like me who in the hell dyou think you are a super star well right you arewell we all shine on like the moon and the stars and the sun well we all shine on evryone come oninstant karmas gonna get you gonna knock you off your feet better recognize your brothers evryone you meet why in the world are we here surely not to live in pain and fear why on earth are you there when youre evrywhere come and get your sharewell we all shine on like the moon and the stars and the sun yeah we all shine on come on and on and on on on yeah yeah alright uh huh ahwell we all shine on like the moon and the stars and the sun yeah we all shine on on and on and on on and onwell we all shine on like the moon and the stars and the sun well we all shine on like the moon and the stars and the sun well we all shine on like the moon and the stars and the sun yeah we all shine on like the moon and the stars and the sun,instant karma,john lennon,1970,34,1,1970s,confident
if you want it here it is come and get it make your mind up fast if you want it anytime i can give it but you better hurry cause it may not lastdid i hear you say that there must be a catch will you walk away from a fool and his moneyif you want it here it is come and get it but you better hurry cause its goin fastif you want it here it is come and get it make your mind up fast if you want it anytime i can give it but you better hurry cause it may not lastdid i hear you say that there must be a catch will you walk away from a fool and his moneysonny if you want it here it is come and get it but youd better hurry cause its going fast youd better hurry cause its going fast fool and his money sonnyif you want it here it is come and get it but youd better hurry cause its goin fast youd better hurry cause its goin fast youd better hurry cause its goin fast,come and get it,badfinger,1970,48,1,1970s,confident
express yourself express yourself you dont never need help from nobody else all you got to do now express yourself whatever you do do it good whatever you do do do lord lord do it good oh yeah its not what you look like when youre doin what youre doin its what youre doin when youre doin what you look like youre doin express yourself express yourself theyre doin it on the moon yeah in the jungle too everybody on the floor now jumpin like a kangaroo so let the horns do the thing they do yo some people have everything and other people dont but everything dont mean a thing if it aint the thing you want express yourself express yourself oh do it oh do it do it to it go on and do it yo do it give express yourself express yourself do it oh lord do it yeah express yourself express yourself express yourself express yourself express yourself express yourself express yourself oh lord hey hey hey lord express yourself express yourself express ahh express express yourself express yourself express yourself express,express yourself,charles wright the watts 103rd street rhythm band,1970,57,3,1970s,confident
boogie fever got to boogie down boogie fever i think its going aroundi took my baby to the drive in show she turned the speaker down and then she turned on the radio i watched a silent movie diggin funky soundshes got the boogie fever she likes to boogie down boogie fever i think its going aroundi took my baby too the pizza parlor to get a bite to eat i put some money in the jukebox for her you know she ate her pizza dancing to the beatshes got the boogie fever she likes to boogie down shes got the boogie fever i think its going aroundall night long we did the bump bump bump yes we did yes we did yes we did yeah she kept it going strong doin the bump bump bump doin the bump bump bumpi called the doctor on the telephone doctor doctor said doctor doctor please i i i i got this feeling rockin and areelin tell me what can it be is it some new diseasethey call it boogie fever youve got to boogie down boogie fever i think its going around fever fever feverall night long we did the bump bump bump yes we did yes we did yes we did we kept it going strong doin the bump bump bumpeverybodys got the boogie fever boogie down now get on down now get on down boogie fever i think its going around and around and aroundi got the boogie fever and i said you got the boogie fever i said shes got the boogie fever everybodys got the boogie feverboogie fever boogie down just get on down just get on down boogie fever,boogie fever,the sylvers,1976,20,1,1970s,happy
i believe in miracles where you from you sexy thing i believe in miracles since you came along you sexy thingwhere did you come from baby how did you know i needed you how did you know i needed you so badly how did you know id give my heart gladly yesterday i was one of the lonely people now youre lying close to me making love to mei believe in miracles where you from you sexy thing sexy thing you i believe in miracles since you came along you sexy thingwhere did you come from angel how did you know id be the one did you know youre everything i prayed for did you know every night and day for every day needing love and satisfaction now youre lying next to me giving it to mei believe in miracles where you from you sexy thing sexy thing you i believe in miracles since you came along you sexy thingoh kiss me you sexy thing touch me baby you sexy thing i love the way you touch me darling you sexy thing oh its ecstasy you sexy thingyesterday i was one of the lonely people now youre lying close to me giving it to mei believe in miracles where you from you sexy thing sexy thing you i believe in miracles since you came along you sexy thingoh touch me kiss me darling i love the way you hold me baby oh its ecstasyoh its ecstasy sexy thing you sexy thing you kiss me baby sexy thing you sexy thing you i love the way you kiss me darling sexy thing you sexy thing you oh yeah sexy thing you sexy thing you love the way you hold me sexy thing you sexy thing you keep on lovin me darling sexy thing you sexy thing you keep on lovin me baby sexy thing you sexy thing you,you sexy thing,hot chocolate,1976,22,1,1970s,happy
thats right get up and boogie get up and boogie thats right get up and boogie get up and boogie thats right get up and boogie get up and boogie boogie boogie thats right get up and boogie get up and boogie thats right get up and boogie get up and boogie thats right boogie boogie thats right get up and boogie get up and boogie thats right get up and boogie get up and boogie boogie boogie thats right get up and boogie get up and boogie get up and boogie get up and boogie get up and boogie get up and boogie get up and boogie get up and boogie,get up and boogie,silver convention,1976,24,3,1970s,happy
aah everybody get on the floor lets dance dont fight your feelings give yourself a chance shake shake shake shake shake shake shake your booty shake your booty oh shake shake shake shake shake shake shake your booty shake your booty aah you can you can do it very well youre the best in the world i can tell oh shake shake shake shake shake shake shake your booty shake your booty oh shake shake shake shake shake shake shake your booty shake your booty oh yeah shake shake shake shake aah shake shake shake shake aah shake shake shake shake shake shake shake your booty shake your booty oh shake shake shake shake shake shake shake your booty shake your booty aah shake shake shake shake shake your booty aah dont fight the feeling shake shake shake shake shake your booty aah give yourself a chance shake shake shake shake shake your booty you can do it do it shake shake shake shake shake your booty come home with momma now shake shake shake shake shake your booty shake shake shake shake shake your booty aah run down to sister shake shake shake shake on your booty aah doo your duty shake shake shake shake,shake shake shake shake your booty,kc and the sunshine band,1976,26,3,1970s,happy
show me a river thats so deep show me a mountain so high ill show you love thatll last forever flying high so highah show me a place where dreams are for dreamers and all the things you wish come true yeah id wish the world had all happy people then thered be no more wishing to dooh oh oh oh oh sweet love oh oh oh oh oh sweet love oh oh oh oh oh oohwoo hoo hoo hoo hoo hoo sweet sweet lovesun shines over the rainbow high on a hill take a ride on a magic carpet and you know its for realthe world is filled with all the lonely people trying to find their way all they need is a hand to guide them to a brighter dayoh oh oh oh oh sweet love sweet sweet love oh oh oh oh oh well well sweet love sweet sweet love oh oh oh oh oh ohwoo hoo hoo hoo hoo hoo yeah sweet lovesweet love that comes through the ages reach out and touch my soul gave my life so much meaning and everyone a heart of goldoh oh oh oh sweet love well well well oh oh oh oh oh sweet sweet sweet love oh oh oh oh oh sweet sweet sweet sweet love ooo ooooh you needed love ohh sweet love sweet sweet love ohh ohh sweet lovei know youre searchin i know youre searchin for a little love a little peace and understanding and i know its been hard tryin to find your way but you got to keep on searchin harder day by day cause i want you and you you you you you you you you and you to stand on up yes sir put a little love in your heart and little heart in your love together we can make a way listen to me dont wonder to hard ah of what i trying to say cause its love loves the only wayoh nothin but love oh oh love sweet love sweet love ow oh oh oh when youre down and out and you cant see your way sweet love and you need a friend wellellelloh oh oh just call on love love sweet love sweet sweet sweet sweet sweet sweet sweet sweet love,sweet love,commodores,1976,27,1,1970s,happy
ooo and its alright and its comin long we got to get right back to where we started from love is good love can be strong we got to get right back to where we started fromohohhhhh do you remember that day that sunny day when you first came my way i said no one could take your place and if you get hurt if you get hurt by the little things i say i can put that smile back on your faceooo and its alright and its comin long we got to get right back to where we started from love is good love can be strong we got to get right back to where we started froma love like ours a love like ours can never fade away you know its only just begun you give me your love give me your love i just cant stay away i know that youre the only one,right back where we started from,maxine nightingale,1976,28,1,1970s,happy
love rollercoaster the ohio players red hot chili peppers album the beavis butthead do america soundtracksource sandra ott you give me that funny feeling in my tummy ahw sh yeah thats right huh rollercoaster of love say what rollercoaster yeah oohh oohh oohhoh baby you know what im talking about rollercoaster of love oh yeah its rollercoaster timelovin you is really wild oh its just a love rollercoaster step right up and get your tickets1your love is like a rollercoaster babybaby i want to ride yeah awawaw repeat 12move over dad cause im a double dipple upside down on the big dip dipper 12 123 ive got a ticket come ride with me let me go down on the merrygoround all is fair n a big fair ground lets go slow lets go fast like a liqorice twist gonna whip your ass rpt 1 1 2 1rollercoaster say what i will be there for you i will be your man,love rollercoaster,ohio players,1976,30,1,1970s,happy
the wind blew some luck in my direction i caught it in my hands today i finally made a tricky frech connection you winked and gave me your ok ill take you on a trip beside the ocean and drop the top at chesapeake bay aint nothing like the sky to dose a potion the moonll send you on your way ha ha moonlight feels right moonlight feels rightwell lay back and observe the constellations and watch the moon smiling bright ill play the radio on southern stations cause southern belles are hell at night you say you came to baltimore from ole miss a class of 74 gold ring the eastern moon looks ready for a wet kiss to make the tide rise again ha ha moonlight feels right moonlight feels rightwell see the sun come up on sunday mornin and watch it fade the moon away i guess you know im givin you a warnin cause me and moon are itchin to play ill take you on a trip beside the ocean and drop the top at chesapeake bay aint nothing like the sky to dose a potion the moonll send you on your way moonlight feels right moonlight feels right,moonlight feels right,starbuck,1976,34,1,1970s,happy
theres a reason for the sunshine day theres a reason why im feelin so high must be the season when that love light shines all around us so let that feeling grad you deep inside and send you reeling where your love cant hide and then go stealing throught the summer nights with your lover just let your love flow like a mountain stream and let your love grow with the smallest of dreams and let your love show and youll know what i mean its the season let your love fly like a bird on the wing and let your love bind you to all living things and let your love shine and youll know what i mean thats the reason theres a reason for the warm sweet nights theres a reason for the candle lights must be the season when those love rites shine all around us so let the wonder take you into space and lay you under its loving embrace feel the thunder as it warms your face you cant hold back ust let your love flow like a mountain stream and let your love grow with the smallest of dreams and let your love show and youll know what i mean its the season let your love fly like a bird on the wing and let your love bind you to all living things and let your love shine and youll know what i mean thats the reason,let your love flow,the bellamy brothers,1976,36,3,1970s,happy
turn the beat around love to hear the percussion turn it upside down love to hear the percussion love to hear it blow horns you sure sound pretty your violins keep movin to the nitty gritty when you hear the scratch of the guitars scratchin then youll know that rhythm carries all the action woah turn the beat around love to hear the percussion turn it upside down love to hear the percussion love to hear it turn the beat around love to hear the percussion turn it upside down love to hear the percussion love to hear it flute player play your flute cause i know that you want to get your thing off but you see ive made up my mind about it its got to be the rhythm no doubt about it woah woah cause when the guitar player start playing with the syncopated rhythm with the scratch scratch scratch makes me wanna move my body yeah yeah yeah and when the drummer starts beating that beat he nails that beat with the syncopated rhythm with the rat tat tat tat tat tat on the drums hey turn the beat around love to hear the percussion turn it upside down love to hear the percussion love to hear it love to hear it love to hear it love to hear it turn the beat around love to hear the percussion turn it upside down love to hear the percussion love to hear it turn the beat around love to hear the percussion turn it upside down love to hear the percussion when the guitar player start playing with the syncopated rhythm with the scratch scratch scratch makes me wanna move my body yeah yeah yeah and when the drummer starts beating that beat he nails that beat with the syncopated rhythm with the rat tat tat tat tat tat on the drums hey turn the beat around love to hear the percussion turn it upside down love to hear the percussion turn the beat around love to hear the percussion turn it upside down love to hear the percussion turn the beat around love to hear the percussion turn it upside down love to hear the percussion turn the beat around love to hear the percussion turn it upside down love to hear the percussion turn the beat around love to hear the percussion turn it upside down,turn the beat around,vicki sue robinson,1976,38,3,1970s,happy
hello yeah its been a while not much how about you im not sure why i called i guess i really just wanted to talk to you and i was thinking maybe later on we could get together for a while its been such a long time and i really do miss your smile chorus im not talking about moving in and i dont want to change your life but theres a warm wind blowing the stars around and id really love to see you tonight we could go walking through a windy park or take a drive along the beach or stay at home and watch tv you see it really doesnt matter much to me im not talking about moving in and i dont want to change your life but theres a warm wind blowing the stars around and id really love to see you tonight i wont ask for promises so you dont have to lie weve both played that game before say i love you and say goodbye chorus x2 the end,id really love to see you tonight,england dan john ford coley,1976,21,5,1970s,reflective
all alone at the end of the evening and the bright lights have faded to blue i was thinking bout a woman who might have loved me and i never knew you know ive always been a dreamer spent my life running round and its so hard to change cant seem to settle down but the dreams ive seen lately keep on turning out and burning out and turning out the same so put me on a highway and show me a sign and take it to the limit one more time you can spend all your time making money you can spend all your love making time if it all fell to pieces tomorrow would you still be mine and when youre looking for your freedom nobody seems to care and you cant find the door cant find it anywhere when theres nothing to believe in still youre coming back youre running back youre coming back for more so put me on a highway and show me a sign and take it to the limit one more time take it to the limit take it to the limit take it to the limit one more time take it to the limit take it to the limit take it to the limit one more time take it to the limit take it to the limit take it to the limit one more time,take it to the limit,eagles,1976,25,3,1970s,reflective
golden years gold whop whop whop golden years gold whop whop whop golden years gold whop whop whopdont let me hear you say lifes taking you nowhere angel come get up my baby look at that sky lifes begun nights are warm and the days are young come get up my babytheres my baby lost thats all once im begging you save her little soul golden years gold whop whop whop come get up my babylast night they loved you opening doors and pulling some strings angel come get up my baby in walked luck and you looked in time never look back walk tall act fine come get up my babyill stick with you baby for a thousand years nothings gonna touch you in these golden years gold golden years gold whop whop whop come get up my babysome of these days and it wont be long gonna drive back down where you once belonged in the back of a dream car twenty foot long dont cry my sweet dont break my heart doing all right but you gotta get smart wish upon wish upon day upon day i believe oh lord i believe all the way come get up my babyrun for the shadows run for the shadows run for the shadows in these golden yearstheres my baby lost thats all once im begging you save her little soul golden years gold whop whop whop come get up my babydont let me hear you say lifes taking you nowhere angel come get up my baby run for the shadows run for the shadows run for the shadows in these golden yearsill stick with you baby for a thousand years nothings gonna touch you in these golden years goldgolden years gold whop whop whop golden years gold whop whop whop golden years gold whop whop whop golden years gold whop whop whop golden years gold whop whop whop golden years gold whop whop whop golden years gold whop whop whop golden years gold whop whop whop golden years gold whop whop whop golden years gold whop whop whop,golden years,david bowie,1976,33,1,1970s,reflective
she was only sixteen only sixteen but i loved her so but she was too young to fall in love and i was too young to knowwed laugh and wed sing and do funny things and it made our hearts glow but she was too young to fall in love and i was too young to knowso why did i give my heart so fast it never will happen again but i was a mere child of sixteen ive aged a year since thenshe was only sixteen only sixteen oh with eyes that would glow but she was too young to fall in love and i was too young to knowso why did i give my heart so fast it never will happen again but i was a mere child of sixteen ive aged a year since thennow she was only sixteen only sixteen oh but i loved that girl so but she was too young to fall in love and i was too young to know yes she was too young to fall in love and i i was too young i was much too young to know,only sixteen,dr hook,1976,35,1,1970s,reflective
i have just closed my eyes again climbed aboard the dream weaver train driver take away my worries of today and leave tomorrow behinddream weaver i believe you can get me through the night dream weaver i believe we can reach the morning lightfly me high through the starry skies or maybe to an astral plane cross the highways of fantasy help me to forget todays paindream weaver i believe you can get me through the night dream weaver i believe we can reach the morning lightthough the dawn may be coming soon there still may be some time fly me away to the bright side of the moon and meet me on the other sidedream weaver i believe you can get me through the night dream weaver i believe we can reach the morning light,dream weaver,gary wright,1976,37,1,1970s,reflective
when the deep purple falls over sleepy garden walls and the stars begin to twinkle in the sky in the mist of a memory you wander back to me breathing my name with a sigh in the still of the night once again i hold you tight though youre gone your love lives on when moonlight beams and as long as my heart will beat sweet lovers well always meet here in my deep purple dreams when the deep purple falls over sleepy garden walls and the stars begin to twinkle in the sky in the mist of a memory you wander back to me breathing my name with a sigh in the still of the night once again i hold you tight though youre gone your love lives on when moonlight beams and as long as my heart will beat sweet lovers well always meet here in my deep purple dreams and as long as my heart will beat sweet lovers well always meet here in my deep purple dreams here in my deep purple dreams here in my deep purple dreams,deep purple,donny marie osmond,1976,42,3,1970s,reflective
babys into running around hanging with the crowd putting your business in the street talking out loud saying you bought her this and that and how much you done spent i swear she must believe its all heaven senthey boy you better bring the chick around to the sad sad truth the dirty lowdownwho i wonder wonder wonder wonder who taught her how to talk like that who i wonder wonder wonder wonder who gave her that big ideanothing you cant handle nothing you aint got put your money on the table and drive it off the lot turn on that ole lovelight and turn a maybe to a yes same old schoolboy game got you into this messhey son better get on back to town face the sad old truth the dirty lowdownwho i wonder wonder wonder wonder who put those ideas in your head who i wonder wonder wonder wonder whoyeah come on back down little son dig the low low low low lowdownyou aint got to be so bad got to be so cold this dog eat dog existence sure is getting old got to have a jones for this jones for that this running with the joneses boy just aint where its atyou gonna come back around to the sad sad truth the dirty lowdownwho i wonder wonder wonder wonder who got you thinking like that boy who i wonder wonder wonder wonder whoi wonder wonder wonder wonder who said i wonder wonder wonder i wonder whowho i wonder wonder wonder wonder who who i wonder wonder wonder wonder who who who i wonder wonder wonder wonder who who i wonder wonder wonder wonder who i wonder wonder wonder wonder who,lowdown,boz scaggs,1976,49,1,1970s,reflective
i wonder how your feeling theres ringing in my ears and no one to relate to cept the sea who can i believe in im kneeling on the floor there has to be a force who do i call the stars are out and shining but all i really want to know oh wont you show me the way everyday i want you show me the way yeah well i can see no reason you living on your nerves when someone drops a cup and i submerge im swimming in a circle i feel im going down there has to be a fool to play my part well someone thought of healing but all i really want to know oh wont you show me the way everyday i want you show me the way i want you day after day i wonder if im dreaming i feel so unashamed i cant believe this is happening to me i watch you when youre sleeping and then i wanna take your love oh wont you show me the way everyday i want you show me the way one more time i want you day after day hey i want you day after day hey i want you show me the way everyday i want you show me the way night and day i want you day after day hey ooh,show me the way live,peter frampton,1976,50,5,1970s,reflective
every time when i look in the mirror all these lines on my face getting clearer the past is gone it went by like dusk to dawn isnt that the way everybodys got the dues in life to payi know nobody knows where it comes and where it goes i know its everybody sin you got to lose to know how to winhalf my life is books written pages live and learn from fools and from sages you know its true oh all these feelings come back to yousing with me sing for the years sing for the laughter sing for the tears sing with me just for today maybe tomorrow the good lord will take you awayyeah sing with me sing for the year sing for the laughter sing for the tear sing with me just for today maybe tomorrow the good lord will take you awaydream on dream on dream on dream until your dreams come true dream on dream on dream on dream until your dreams come true dream on dream on dream on dream on dream on dream on dream onsing with me sing for the year sing for the laughter sing for the tear sing with me just for today maybe tomorrow the good lord will take you away sing with me sing for the year sing for the laughter sing for the tear sing with me just for today maybe tomorrow the good lord will take you away,dream on,aerosmith,1976,51,1,1970s,reflective
good morning yesterday you wake up and time has slipped away and suddenly its hard to find the memories you left behind remember do you rememberthe laughter and the tears the shadows of misty yesteryears the good times and the bad youve seen and all the others in between remember do you remember the times of your life do you rememberreach out for the joy and the sorrow put them away in your mind the memries are time that you borrow to spend when you get to tomorrowhere comes the setting sun comes the setting sun the seasons are passing one by one so gather moments while you may collect the dreams you dream today remember will you remember the times of your lifegather moments while you may collect the dreams you dream today remember will you remember the times of your lifeof your life of your life do you remember baby do you remember the times of your lifefadedo you remember baby do you remember the times of your life,times of your life,paul anka,1976,54,1,1970s,reflective
love hurts love scars love wounds and marks any heart not tough or strong enough to take a lot of pain take a lot of pain love is like a cloud it holds a lot of rain love hurts ooooo love hurtsim young i know but even so i know a thing or two i learned from you i really learned a lot really learned a lot love is like a flame it burns you when its hot love hurts ooooo love hurtssome fools think of happiness blissfulness togetherness some fools fool themselves i guess theyre not foolin me i know it isnt true i know it isnt true love is just a lie made to make you blue love hurts ooooo love hurts ooooo love hurtsi know it isnt true i know it isnt true love is just a lie made to make you blue love hurts ooooo love hurts ooooo love hurts ooooo,love hurts,nazareth,1976,23,1,1970s,sad
lonely night i cry myself to sleep tell me what am i gonna do cause its always been you to dry my tears its always been you to wash away my fears its always been you each night and day now what can i say when love slips away lonely night im walking the floor tell me what am i gonna do without your precious love your tender touch hey little man i miss you so much wish we could turn back the hands of time to the day when you were mine you used to call me angel face used to call me angel face you used to help me through the night make me feel all right now all i have is teardrops through a lonely night i cant get ya out of my mind i cant get ya out of my mind i cant get ya out of my mind i promise you ill change my ways i promise you loves here to stay hey little man depend on me ill be yours for eternity you used to call me angel face used to call me angel face you used to help me through the night make me feel all right now all i have is teardrops through a lonely night you used to call me angel face you used to help me through the night make me feel all right now all i have is teardrops through a lonely night i cant get ya out of my mind i cant get ya out of my mind i cant get ya out of my mind i cant get ya out of my mind i cant get ya out of my mind i cant get ya out of my mind i cant get ya out of my mind got ya,lonely night angel face,captain tennille,1976,39,3,1970s,sad
when i was young i never needed anyone and makin love was just for fun those days are gonelivin alone i think of all the friends ive known but when i dial the telephone nobodys homeall by myself dont wanna be all by myself anymore all by myself dont wanna live all by myself anymorehard to be sure some times i feel so insecure and love so distant and obscure remains the cureall by myself dont want to be all by myself anymore all by myself dont want to live all by myself anymorewhen i was young i never needed anyone and making love was just for fun those days are goneall by myself dont want to be all by myself anymore all by myself dont want to live all by myself anymoreall by myself dont want to be all by myself anymore all by myself dont want to live all by myself anymoreall by myself dont want to be all by myself anymore,all by myself,eric carmen,1976,40,1,1970s,sad
another day is at end mama says shes tired again no one can even begin to tell her i hardly know what to say but maybe its better that way is papa were hereim sure hed tell her shannon is gone i hope shes drifting out to sea she always loved to swim away maybe shell find an island with a shady tree just like the one in our backyard mama tried hard to pretend things would get better again somehow shes keeping it all inside her but finally the tears fill our eyes and i know that somewhere tonight she knows how much we really miss her,shannon,henry gross,1976,47,1,1970s,sad
if you leave me now youll take away the biggest part of me no baby please dont go if you leave me now youll take away the very heart of me no baby please dont goa love like ours is love thats hard to find how could we let it slip away weve come too far to leave it all behind how could we end it all this way when tomorrow comes well both regret things we said todaycause i need you more than youll ever know,if you leave me now,chicago,1976,48,1,1970s,sad
ive had nothing but bad luck since the day i saw the cat at my door so i came here to you sweet lady answering your mystical call crystal ball on the table showing the future the past same cat with them evil eyes and i knew it was a spell shed castshes just a devil woman with evil on her mind beware the devil woman shes gonna get you shes just a devil woman with evil on her mind beware the devil woman shes gonna get you from behindgive me the ring on your finger let me see the lines of your hand i can see me a tall dark stranger giving you what you hadnt planned i drank the potion she offered me i found myself on the floor then i looked in those big green eyes and i wondered what i came there forshes just a devil woman with evil on her mind beware the devil woman shes gonna get you shes just a devil woman with evil on her mind beware the devil woman shes gonna get you from behindstay awake look out if youre out on a moonlit night be careful of the neighborhood strays of a lady with long black hair tryin to win you with her feminine ways crystal ball on the table showing the future the past same cat with them evil eyes youd better get out of there fast shes just a devil woman with evil on her mind beware the devil woman shes gonna get youshes just a devil woman with evil on her mind beware the devil woman shes gonna get you shes just a devil woman with evil on her mind beware the devil woman shes gonna get youshes just a devil woman with evil on her mind beware the devil woman shes gonna get you shes just a devil woman with evil on her mind beware the devil woman,devil woman,cliff richard,1976,55,1,1970s,sad
are we really happy with this lonely game we play looking for the right words to saysearching but not finding understanding anywhere were lost in this masqueradeboth afraid to say were just to far away from being close together from the start we tried to talk it over but the words got in the way were lost inside this lonely game we playthoughts of leaving disappear each time i see your eyes and no matter how hard i tryto understand the reasons why we carry on this way were lost in a masqueradewe tried to talk it over but the words got in the way were lost inside this lonely game we playthoughts of leaving disappear each time i see your eyes and no matter how hard i tryto understand the reasons why we carry on this way were lost in a masquerade were lost in a masqueradeand were lost in a masquerade,this masquerade,george benson,1976,69,1,1970s,sad
starry nights sunny days i always thought that love should be that way then comes a time that youre ridden with doubt youve loved all you can and now youre all loved out ooh ooh baby weve been a long long way and whos to say where well be tomorrow well my heart says no but my mind says its so that weve got a love is it a love to stay weve got a wham bam shangalang and a sha la la la la la thing wham bam shangalang and a sha la la la la la thing looking at you i wanted to say i think a little emotion goes a long long way careful now dont get caught in your dreams look out baby this is not what it seems ooh ooh baby youve been so good to me but please dont make it what its not well i thought we agreed on what we need so listen to me and ill tell you what weve got weve got a wham bam shangalang and a sha la la la la la thing wham bam shangalang and a sha la la la la la thing i think youre seeing what im saying cause i hear you singing to the tune im playing now that its said and we both understand lets say our goodbyes before it gets out of hand bye bye baby id really like to stay but well remember the best time in our lives we had a wham bam shangalang and a sha la la la la la thing wham bam shangalang and a sha la la la la la thing wham bam shangalang and a sha la la la la la thing,wham bam,silver,1976,71,3,1970s,sad
look what theyve done to my song ma look what theyve done to my song well its the only thing that i could do half right and its turning out all wrong ma look what theyve done to my songwish i could find a good book to live in wish i could find a good book well if i could find a real good book id never have to come out and look at what theyve done to my songlook what theyve done to my brain ma look what theyve done to my brain well theyve cooked it like a chicken bone i think im half insane ma look what theyve done to my brainils ont changÃ© ma chanson ma ils ont changÃ© ma chanson cest la seule chose je peux faire estceque nest pas bon ma ils ont changÃ© ma chansonlook what theyve done to my song ma look what theyve done to my song ma well theyve tied it up in a plastic bag then turned it upside down ma look what theyve done to my songla la la la la lawell its the only thing i could do half right and its turning out all wrong oh mama look what theyve done to my song oh mama look what theyve done to my song ma look what theyve done to my songwell its the only thing i could do all right and its turning out all wrong oh mama look what theyve done to my song,look what theyve done to my song ma,the new seekers,1970,96,1,1970s,sad
the thrill is gone the thrill is gone away the thrill is gone baby the thrill is gone away you know you done me wrong baby and youll be sorry somedaythe thrill is gone its gone away from me the thrill is gone baby the thrill is gone away from me although ill still live on but so lonely ill bethe thrill is gone its gone away for good all the thrill is gone baby its gone away for good someday i know ill be openarmed baby just like i know i know i shouldyou know im free free now baby im free from your spell oh free free free now baby im free from your spell and now that its all over all that i can do is wish you well,the thrill is gone,bb king,1970,98,1,1970s,sad
dark in the city night is a wire steam in the subway the earth is a fire do do do do do do do do do do do do do do do woman you want me give me a sign and catch my breathing even closer behind do do do do do do do do do do do do do do doin touch with the ground im on the hunt im after you smell like i sound im lost in a crowd and im hungry like the wolf straddle the line in discord and rhyme im on the hunt im after you mouth is alive with juices like wine and im hungry like the wolfstalked in the forest too close to hide ill be upon you by the moonlight side do do do do do do do do do do do do do do do hot blood drumming on your skin its so tight you feel my heat im just a moment behind do do do do do do do do do do do do do do doin touch with the ground im on the hunt im after you scent and a sound im lost and im found and im hungry like the wolf strut on a line its discord and rhyme i howl and i whine im after you mouth is alive all running inside and im hungry like the wolfhungry like the wolf hungry like the wolf hungry like the wolfburning the ground i break from the crowd im on the hunt im after you i smell like i sound im lost and im found and im hungry like the wolf strut on a line its discord and rhyme im on the hunt im after you mouth is alive with juices like wine and im hungry like the wolfburning the ground i break from the crowd im on the hunt im after you scent and a sound im lost and im found and im hungry like the wolf strut on a line its discord and rhyme i howl and i whine im after you mouth is alive all running inside and im hungry like the wolf,hungry like the wolf,duran duran,1983,17,1,1980s,confident
boy boynow in the street there is violence an an a lots of work to be done no place to hang all our washing an an i cant blame all on the sunoh no we gonna rock down to electric avenue and then well take it higher oh we gonna rock down to electric avenue and then well take it higherworkin so hard like a soldier cant afford a thing on tv deep in my heart i am warrior cant get food for them kidgood god we gonna rock down to electric avenue and then well take it higher oh we gonna rock down to electric avenue and then well take it higheroh no oh no oh no oh nooh lord we gonna rock down to electric avenue and then well take it higher oh we gonna rock down to electric avenue and then well take it higherwho is to blame in one country never can get to the one dealin in multiplication and they still cant feed everyoneoh no we gonna rock down to electric avenue and then well take it higher oh no we gonna rock down to electric avenue and then well take it higheroh out in the street out in the street out in the daytime out in the nightoh we gonna rock down to electric avenue and then well take it higher oh we gonna rock down to electric avenue and then well take it higherout in the street out in the street out in the playground in the dark side of townoh we gonna rock down to electric avenue and then well take it higher hey we gonna rock down to electric avenue and then well take it higherwe gonna rock down to electric avenue and then well take it higher electric avenue we gonna rock down to electric avenue and then well take it higher electric avenue,electric avenue,eddy grant,1983,22,1,1980s,confident
get up get up get up get up wake up wake up wake up wake upoh baby now lets get down tonightooh baby im hot just like an oven i need some lovin and baby i cant hold it much longer its getting stronger and strongerand when i get that feeling i want sexual healing sexual healing oh baby makes me feel so finehelps to relieve my mind sexual healing baby is good for me sexual healing is something thats good for mewhenever blue teardrops are fallin and my emotional stability is leaving me there is something i can do i can get on the telephone and call you up babyand honey i know youll be there to relieve me the love you give to me will free me if you dont know the thing youre dealing ohh i can tell you darling that its sexual healingget up get up get up get up lets make love tonight wake up wake up wake up wake up cause you do it rightbaby i got sick this mornin a sea was stormin inside of me baby i think im capsizin the waves are risin and risinand when i get that feeling i want sexual healing sexual healing is good for me makes me feel so fine its such a rush helps to relieve the mind and its good for ussexual healing baby its good for me sexual healing is something thats good for me well its good for me and its so good to me my baby ohhcome take control just grab a hold of my body and mind soon well be making it honey ill be feeling fine youre my medicine open up and let me in darling youre so great i cant wait for you to operatei cant wait for you to operatewhen i get this feeling i need sexual healing oh when i get this feeling i need sexual healing i gotta have sexual healing darling cause im all alone sexual healing darling till you come back homeplease dont procrastinate its not good to masturbate,sexual healing,marvin gaye,1983,32,1,1980s,confident
ooh ooh ooh ooh ooh ooh ooh ooh ooh ooh ooh ooh ooh ooh ooh oohblack and orange stray cat sittin on a fence i aint got enough dough to pay the rent im flat broke but i dont care i strut right by with my tail in the airstray cat strut im a ladies cat im a feline casanova hey man thats that get a shoe thrown at me from a mean old man get my dinner from a garbage candont go crossing my pathi dont bother chasing mice around i slink down the alleyway looking for a fight howling to the moonlight on a hot summer night singin the blues while the lady cats cry wild stray cat youre a real gone guy i wish i could be as carefree and wild but i got cat class and i got cat stylei dont bother chasing mice around i slink down the alleyway looking for a fight howling to the moonlight on a hot summer night singin the blues while the lady cats cry wild stray cat youre a real gone guy i wish i could be as carefree and wild but i got cat class and i got cat style,stray cat strut,stray cats,1983,42,1,1980s,confident
no one looked as i walked by just an invitation would have been just fine said no to him again and again first he took my heart then he ranno one knows how i feel what i say unless you read between my lines one man walked away from me first he took my hand take me homestand back stand back in the middle of my room i did not hear from you its alright its alright to be standing in a line standing in a line i would crydo not turn away my friend like a willow i can bend no man calls my name no man cameso i walked on down away from you maybe your attention was more than you could do one man did not call he asked me for my love and that was allstand back stand back in the middle of my room i did not hear from you its alright its alright to be standing in a line standing in a line standing in a lineso i walked on down the line away from you maybe your attention was more than i could do one man did not call well he asked me for my love that was allstandback standbackyou do you do so i walked on down the line away from youmaby your attention was more than i could do one man did not call well he asked me for my love that was all standback standbackwell i need a little sympathy well i need a little sympathywell i need a little sympathiy i need to be standing in standback i need to be standing in standback i need to be standing in standback why dont you take me home why dont you take me home standback,stand back,stevie nicks,1983,44,1,1980s,confident
i make my living off the evening news just give me somethingsomething i can use people love it when you lose they love dirty laundrywell i coulda been an actor but i wound up here i just have to look good i dont have to be clear come and whisper in my ear give us dirty laundrykick em when theyre up kick em when theyre down kick em when theyre up kick em when theyre down kick em when theyre up kick em when theyre down kick em when theyre up kick em all aroundwe got the bubbleheadedbleachblond who comes on at five she can tell you bout the plane crash with a gleam in her eye its interesting when people die give us dirty laundrycan we film the operation is the head dead yet you know the boys in the newsroom got a running bet get the widow on the set we need dirty laundryyou dont really need to find out whats going on you dont really want to know just how far its gone just leave well enough alone eat your dirty laundrykick em when theyre up kick em when theyre down kick em when theyre up kick em when theyre downkick em when theyre up kick em when theyre down kick em when theyre stiff kick em all aroundkick em when theyre up kick em when theyre down kick em when theyre up kick em when theyre downkick em when theyre up kick em when theyre down kick em when theyre stiff kick em all arounddirty little secrets dirty little lies we got our dirty little fingers in everybodys pie we love to cut you down to size we love dirty laundrywe can do the innuendo we can dance and sing when its said and done we havent told you a thing we all know that kraft is king give us dirty laundrykick em when theyre up kick em when theyre down kick em when theyre up kick em when theyre downkick em when theyre up kick em when theyre down kick em when theyre up kick em when theyre downkick em when theyre up kick em when theyre down kick em when theyre up kick em when theyre downkick em when theyre up kick em when theyre down kick em when theyre up kick em when theyre downkick em when theyre up kick em when theyre down kick em when theyre up kick em when theyre downkick em when theyre up kick em when theyre down kick em when theyre up kick em when theyre downkick em when theyre up kick em when theyre down kick em when theyre up kick em when theyre down,dirty laundry,don henley,1983,48,1,1980s,confident
every night she walks right in my dreams since i met her from the start im so proud i am the only one who is special in her heartthe girl is mine the doggone girl is mine i know shes mine because the doggone girl is minei dont understand the way you think saying that shes yours not mine sending roses and your silly dreams really just a waste of timebecause shes mine the doggone girl is mine dont waste your time because the doggone girl is minei love you more than he take you anywherebut i love you endlessly loving we will shareso come and go with me to one townbut we both cannot have her so its one or the other and one day youll discover that shes my girl forever and everi dont build your hopes to be let down cause i really feel its timei know shell tell you im the one for her cause she said i blow her mindthe girl is mine the doggone girl is mine dont waste your time because the doggone girl is mineshes mine shes mine no no no shes mine the girl is mine the girl is mine the girl is mine the girl is minethe girl is mine yep shes mine the girl is mine yep shes minedont waste your time because the doggone girl is mine the girl is mine the girl is minemichael were not going to fight about this okay paul i think i told you im a lover not a fighter ive heard it all before michael she told me that im her forever lover you know dont you remember well after loving me she said she couldnt love another is that what she said yes she said it you keep dreaming i dont believe itthe girl is mine mine mine mine,the girl is mine,michael jackson and paul mccartney,1983,49,1,1980s,confident
now the king told the boogie men you have to let that raga drop the oil down the desert way has been shakin to the top the sheik he drove his cadillac he went acruisin down the ville the muezzin was astanding on the radiator grilleshareef dont like it rock the casbah rock the casbah shareef dont like it rock the casbah rock the casbahby order of the prophet we ban that boogie sound degenerate the faithful with that craazy casbah sound but the bedouin they brought out the electric camel drum the local guitar picker got his guitarpicking thumb as soon as the shareef had cleared the square they began to wailshareef dont like it rock the casbah rock the casbah shareef dont like it rock the casbah rock the casbahnow over at the temple oh they really pack em in the incrowd say its cool to dig this chanting thing but as the wind changed direction then the temple band took five the crowd caught a wiff of that crazy casbah jiveshareef dont like it rock the casbah rock the casbah shareef dont like it rock the casbah rock the casbahthe king called up his jet fighters he said you better earn your pay drop your bombs between the minarets down the casbah wayas soon as the shareef was chauffeured outta there the jet pilots tuned to the cockpit radio blare as soon as the shareef was outta their hair the jet pilots wailedshareef dont like it rock the casbah rock the casbah shareef dont like it rock the casbah rock the casbahshareef dont like it he thinks its not kosher rock the casbah rock the casbah shareef dont like it fundementally cant take it rock the casbah rock the casbahshareef dont like it you know he really hates it rock the casbah rock the casbah shareef dont like it really really hates it,rock the casbah,the clash,1983,52,1,1980s,confident
heart in my mouth pulse in my head mercury rising into the red the smell of your skin can light up all the fires in mehungry to touch im eager to please out of control and i hand you the keys every night i am burning to make love to youbut dont try to tell me you think its all physical it goes much deeper than thatyou ought to know its an affair of the heart its an affair of the heart its an affair of the heart have a little blind faith believe its an affair of the heartwhen we make love its a passionate thing you shudder and shake sink your teeth in my skin i almost believe you were made to be played by my handsand you got the power it amazes me still how you play my emotions with consummate skill i dont have to look any further than into your eyesso dont try to tell me you think its just physical it goes way deeper than thatyou better know its an affair of the heart its an affair of the heart its an affair of the heart have a little blind faith believe its an affair of the heartdont try to tell me you think its all physical it goes much deeper than thatyou ought to know its an affair of the heart its an affair of the heart its an affair of the heart its an affair of the heartyou better know its an affair of the heart its an affair of the heart you better know its an affair of the heart its an affair of the heartbaby an affair of the heart its an affair of the heart its an affair of the heart its an affair of the heart,affair of the heart,rick springfield,1983,57,1,1980s,confident
i know just how to whisper and i know just how to cry i know just where to find the answers and i know just how to lie i know just how to fake it and i know just how to scheme i know just when to face the truth and then i know just when to dream and i know just where to touch you and i know just what to prove i know when to pull you closer and i know when to let you loose and i know the night is fading and i know the times gonna fly and im never gonna tell you everything ive gotta tell you but i know ive gotta give it a try and i know the roads to riches and i know the ways to fame i know all the rules and then i know how to break em and i always know the name of the game but i dont know how to leave you and ill never let you fall and i dont know how you do itmaking love out of nothing at all out of nothing at all out of nothing at all out of nothing at all out of nothing at all out of nothing at all making love out of nothing at alleverytime i see you all the rays of the sun are streaming through the waves in your hair and every star in the sky is taking aim at your eyes like a spotlight the beating of my heart is a drum and its lost and its looking for a rhythm like you you can take the darkness at the pit of the night and turn into a beacon burning endlessly bright ive gotta follow it cause everything i know well its nothing til i give it to you i can make the runner stumble i can make the final block i can make every tackle at the sound of the whistle i can make all the stadiums rock i can make tonight forever or i can make it disappear by the dawn i can make you every promise that has ever been made and i can make all your demons be gone but im never gonna make it without you do you really want to see me crawl and im never gonna make it like you domaking love out of nothing at all out of nothing at all out of nothing at all out of nothing at all out of nothing at all out of nothing at all out of nothing at all out of nothing at all out of nothing at all out of nothing at all out of nothing at all out of nothing at all out of nothing at all out of nothing at all out of nothing at all out of nothing at all out of nothing at all out of nothing at all out of nothing at all out of nothing at all,making love out of nothing at all,air supply,1983,66,1,1980s,confident
just you and i sharing our love together and i know in time well build the dreams we treasure and well be all right just you and ijust you and i sharing our love together and i know in time well build the dreams we treasure well be all right just you and iand i remember our first embrace that smile that was on your face the promises that we made and now your love is my reward and i love you even more than i ever did beforejust you and i we can entrust each other with you in my life theyll never be another well be all right just you and iand i remember our first embrace that smile that was on your face the promises that we made and now your love is my reward and i love you even more than i ever did beforewe made it you and i,you and i,eddie rabbitt and crystal gayle,1983,12,1,1980s,happy
come on eileenpoor old johnny ray sounded sad upon the radio he moved a million hearts in mono our mothers cried sang along whod blame themnow youre grown youre grown up so grown now i must say more than ever come on eileen toora loora toora loo rye ay and we can sing just like our fatherscome on eileen oh i swear what he means at this moment you mean everything with you in that dress my thoughts i confess verge on dirty ah come on eileen come on eileenthese people round here wear beaten down eyes sunk in smoke dried faces so resigned to what their fate is but not us no never no not us no never we are far too young and cleverremember toora loora toora loo rye ay eileen ill hum this tune forevercome on eileen oh i swear what he means ah come on lets take off everything pretty red dress eileen tell him yes ah come on lets ah come on eileenthat pretty red dress eileen tell him yes ah come on lets ah come on eileen pleasecome on eileen too loo rye ay come on eileen too loo rye ay now you have grown now you have shown toora toora too loora oh eileensaid come on come on eileen too loo rye ay these things that are real so how you feel come on eileen too loo rye ay now i must say more than ever toora toora too loora things round here change i said toora loora come on eileen too loo rye ay toora loo rye ay come on eileen too loo rye ay toora toora too looracome on eileen oh i swear what he means at this moment you mean everything with you in that dress my thoughts i confess verge on dirty ah come on eileencome on eileen oh i swear what he means at this moment you mean everything in that dress oh my thoughts i confess well theyre dirty on eileencome on eileen whoa what he means oh ah come on everything,come on eileen,dexys midnight runners,1983,13,1,1980s,happy
ah ah ah ah lets dance lets dance lets danceput on your red shoes and dance the blues lets dance to the song theyre playing on the radio lets sway while color lights up your face lets sway sway through the crowd to an empty spaceif you say run ill run with you if you say hide well hide because my love for you would break my heart in two if you should fall into my arms and tremble like a flower meaning byamandah editor stevie ray vaughan is responsible for the epic guitar solo at the end of the song see all lets dance lets dance lets dancefor fear your grace should fall lets dance for fear tonight is alllets sway you could look into my eyes lets sway under the moonlight this serious moonlightand if you say run ill run with you and if you say hide well hide because my love for you would break my heart in two if you should fall into my arms and tremble like a flowerlets dance lets dance lets dance put on your red shoes and dance the blues lets dance to the song theyre playinlets sway lets sway under the moonlight this serious moonlightlets dance lets lets lets lets dance lets dancelets dance lets dance lets dance lets dance lets dance lets dance lets dance lets dance lets dance lets dance lets dance lets dance lets dance lets dance lets dance lets dance,lets dance,david bowie,1983,18,1,1980s,happy
baby youll find theres only one love yours and mine ive got so much loveand needing you so my love for you ill never let go ive got so much loveall i want is to hold you let me show how much i love you baby show you i dont mind and i dont mind loving you girl i love you theres no one above youyou are the sun you are the rain that makes my life this foolish game you need to know i love you so and id do it all again and againtell me its true i cant believe you do what you do ive got so much love and my love youll see well stay together just you and me ive got so much loveonly you know me tell me how to love you baby show me i dont mind and i dont mind tell me girl i love you always thinking of youyou are the sun you are the rain that makes my life this foolish game you need to know i love you so and id do it all again and againi know you know the way i feel and i need your love for always cause when im with you i fall in love again and again and again babyyou are the sun you are the rain that makes my life this foolish game you need to know i love you so and id do it all again and againyou are the sun you are the rain baby that makes my life this foolish game you need to know i love you so and id do it all again and againyou are the sun you are the rain that makes my life this foolish game you need to know i love you so and id do it all again and againyou are the sun you are the rain that makes my life this foolish game you need to know i love you so and id do it all again and again,you are,lionel richie,1983,29,1,1980s,happy
zwei drei vier one two three its easy to see but its not that i dont care so cause i hear it all the time but they never let you know on the tv and the radio she was young her heart was pure but every night is bright she got she said sugar is sweet she come rappin to the beat then i knew that she was hot she was singin dont turn around oh ohincomprehensible der kommissars in town oh oh youre in his eye and youll know why the more you live the faster you will die alles klar herr kommissar she said babe you know i miss jill and joe and all my funky friends but my street understanding was just enough to know what she really meant and i got to thinking while she was talking that i know she told the story of those special places that she goes when she rides with the others in the subway singin dont turn around oh oh der kommissars in town oh oh and if he talks to you and you dont know why you say your life is gonna make you die alles klar herr kommissar well we meet jill and joe and brother herr and the whole cool gang and oh theyre rappin here theyre rappin there but shes climbin on the wall its a clear case herr kommissar cause all the children know theyre all slidin down into the valley theyre all slipping on the same snow hear the children dont turn around oh oh der kommissars in town oh oh hes got the power and youre so weak and youre frustration will not let you speak dont turn around oh oh der kommissars in town oh oh and if he talks to you then youll know why the more you live the faster you will die dont turn around oh oh der kommissars in town oh oh dont turn around oh oh der kommissars in town oh oh dont turn around oh oh der kommissars in town oh oh dont turn around oh oh der kommissars in town oh oh dont turn around oh oh der kommissars in town oh oh dont turn around oh oh der kommissars in town oh oh,der kommissar,after the fire,1983,30,3,1980s,happy
if youre blue and you dont know where to go to why dont you go where fashion sits puttin on the ritz different types who wear a day coat pants with stripes and cutaway coat perfect fits puttin on the ritzdressed up like a million dollar trooper tryin hard to look like gary cooper super duper come lets mix where rockefellers walk with sticks or umbrellas in their mitts puttin on the ritzhave you seen the welltodo up and down park avenue on that famous thoroughfare with their noses in the air high hats and arrow collars white spats and lots of dollars spending every dime for a wonderful timeif youre blue and you dont know where to go to why dont you go where fashion sits puttin on the ritz different types who wear a day coat pants with stripes and cutaway coat perfect fits puttin on the ritzdressed up like a million dollar trooper tryin hard to look like gary cooper super duper come lets mix where rockefellers walk with sticks or umbrellas in their mitts puttin on the ritzdressed up like a million dollar trooper tryin hard to look like gary cooper super duper if youre blue and you dont know where to go to why dont you go where fashion sits puttin on the ritz puttin on the ritz puttin on the ritz puttin on the ritzdowntown uptown get your kicks at the ritz dine n wine but not til nine the time is right for us to tonight we can move move to the rhythm you can move dance to the rhythm nice and easyi wantcha to move put it on puttin it on puttin it on puttin it on the r i t z how bout you and me says gotta dance gotta danceif youre blue and you dont know where to go to why dont you go where fashion sits puttin on the ritz puttin on the ritz puttin on the ritz puttin on the ritz,puttin on the ritz,taco,1983,31,1,1980s,happy
if it seems a little time is needed decisions to be made the good advice of friends unheeded for the best of plans mislaidjust looking for a new direction in an old familiar way the forming of a new connection to study or to playand so the conversation turned until the sun went down and many fantasies were learned on that daykeep feeling fascination passion burning love so strong keep feeling fascination looking learning moving onwell the truth may need some rearranging stories to be told and plain to see the facts are changing no meaning left to holdand so the conversation turned until the sun went down and many fantasies were learned on that daykeep feeling fascination passion burning love so strong keep feeling fascination looking learning moving onand so the conversation turned until the sun went down and many fantasies were learned on that daykeep feeling fascination passion burning love so strong keep feeling fascination looking learning moving onkeep feeling fascination passion burning love so strong keep feeling fascination looking learning moving onkeep feeling fascination passion burning love so strong keep feeling fascination looking learning moving on,keep feeling fascination,the human league,1983,33,1,1980s,happy
we can dance if we want to we can leave your friends behind cause your friends dont dance and if they dont dance well theyre no friends of mine say we can go where we want to a place where they will never find and we can act like we come from out of this world leave the real one far behind and we can dance dansez we can go when we want to night is young and so am i and we can dress real neat from our hats to our feet and surprise them with a victory cry say we can act if we want to if we dont nobody will and you can act real rude and totally removed and i can act like an imbecile and say we can dance we can dance everythings out of control we can dance we can dance were doing it from pole to pole we can dance we can dance everybody look at your hands we can dance we can dance everybodys taking the chance its a safety dance oh well its safe to dance yes it safe to dance we can dance if we want to weve got all your life and mine as long as we abuse it never going to lose it everything will work out right i say we can dance if we want to we can leave your friends behind cause your friends dont dance and if they dont dance well theyre no friends of mine i say we can dance we can dance everythings out of control we can dance we can dance were doing it from pole to pole we can dance we can dance everybody look at your hands we can dance we can dance everybodys taking the chance well its safe to dance yes its safe to dance well its safe to dance well its safe to dance yes its safe to dance well its safe to dance well its safe to dance its a safety dance well its a safety dance oh its a safety dance oh its a safety dance well its a safety dance,the safety dance,men without hats,1983,35,3,1980s,happy
im tired of playing on the team it seems i dont get time out anymore what a change if we set the pace face to face no one even trying to score and oh oh i can feel the magic of your touch and when you move in close a little bit means so much ooo yeah youve got to understand baby time out is what im here for one on one i wanna play that game tonight one on one i know i wanna play that one on one i wanna play that game tonight one on one so slow you cant tell me you dont miss me girl no i think i might know you too well i wonder what youd say if you knew that i was coming tonight want to i want you cant you tell one on one i wanna play that game tonight one on one i know i wanna play that one on one i wanna play that game tonight one on one so slow thats all you need to know now cause if its really right theres nothing else one on one i want to play that game tonight one on one i want to play that game tonight one on one i want to play that game tonight one on one i wanna play that game one on one on one on one girl there is nothing else but you and me i dont want no one else i dont want no one else baby im tired of playing im tired of playing i dont wanna play those games no more no more i wanna play with you girl i wanna play with you girl just you and me you and me you and me,one on one,daryl hall john oates,1983,39,3,1980s,happy
girl tell me only this that ill have your heart for always and you want me by your side whispering the words ill always love youand forever i will be your lover and i know if you really care i will always be therei need to tell you this theres no other love like your love and i as long as i live ill give you all the joy my heart and soul can givelet me hold you i need to have you near me and i feel with you in my arms this love will last foreverbecause im truly truly in love with you girl im truly head over heels with your love i need you and with your love im free and truly you know youre all rightwith me,truly,lionel richie,1983,47,1,1980s,happy
bob seger the silver bullet band miscellaneous shame on the moon until youve been beside a man you dont know what he wants you dont know if he cries at night you dont know if dont where nothing comes easy old nightmares are real until youve been beside a man you dont know how he feels but once inside a womans heart a man must keep his head heaven opens up the door where angels fear to tread some men go crazy some men go slow some men go just where they want some men never go but oh blame it on midnight ooh shame on the moon piano solo everywhere is all around comfort in the crowd ooh shame on the moon stangers faces all round laughing right out loud hey watch where youre goin step light on old toes until youve been beside a man you dont know who he knows but oh blame it on midnight ooh shame on the moon oh blame it on midnight,shame on the moon,bob seger the silver bullet band,1983,14,3,1980s,reflective
she works hard for the money so hard for it honey she works hard for the money so you better treat her rightshe works hard for the money so hard for it honey she works hard for the money so you better treat her rightonetta there in the corner stands and she wonders where she is and the rain still hurts some people seem to have everything nine am on the hour hand and shes waiting for the bell and shes looking real pretty shes waiting for her clienteleshe works hard for the money so hard for it honey she works hard for the money so you better treat her rightshe works hard for the money so hard for it honey she works hard for the money so you better treat her righttwentyeight years have come and gone and shes seen a lot of tears of the ones who come in they really seem to need her there its a sacrifice working day to day for little money just tips for pay but its worth it all just to hear them say that they careshe works hard for the money so hard for it honey she works hard for the money so you better treat her rightalready knows shes seen her bad times already knows these are the good times shell never sell out she never will not for a dollar bill she works hardshe works hard for the money so hard for it honey she works hard for the money so you better treat her rightworks hard for the money so hard for it honey she works hard for the money so you better treat her rightshe works hard for the money so hard for it honey she works hard for the money so you better treat her rightshe works hard for the money so hard for it honey she works hard for the money so you better treat her rightshe works hard for the money so hard for it honey she works hard for the money so you better treat her right,she works hard for the money,donna summer,1983,15,1,1980s,reflective
somewhere in a lonely hotel room theres a guy starting to realize that eternal fate has turn its back on him its two amits two am the fear has gone im sitting here waitin the gun still warm maybe my connection is tired of takin chancesyeah theres a storm on the loose sirens in my head wrapped up in silence all circuits are dead cannot decode my whole life spins into a frenzyhelp im steppin into the twilight zone this is a madhouse feels like being home my beacons been moved under moon and star where am i to go now that ive gone too farhelp im steppin into the twilight zone place is a madhouse feels like being cloned my beacons been moved under moon and star where am i to go now that ive gone too farsoon you will come to know when the bullet hits the bone soon you will come to know when the bullet hits the boneim falling down the spiral destination unknown double crossed messenger all alone cant get no connection cant get through where are youwell the night weighs heavy on his guilty mind this far from the borderline when the hitman comes he knows damn well he has been cheatedand he says help im steppin into the twilight zone place is a madhouse feels like being cloned my beacons been moved under moon and star where am i to go now that ive gone too farhelp im steppin into the twilight zone place is a madhouse feels like being cloned my beacons been moved under moon and star where am i to go now that ive gone too farsoon you will come to know when the bullet hits the bone soon you will come to know when the bullet hits the bonewhen the bullet hits the bonehelp im steppin into the twilight zone place is a madhouse feels like being cloned my beacons been moved under moon and star where am i to go now that ive gone too farhelp im steppin into the twilight zone place is a madhouse feels like being cloned my beacons been moved under moon and star where am i to go now that ive gone too farsoon you will come to know when the bullet hits the bone soon you will come to know when the bullet hits the bonesoon you will come to know when the bullet hits the bone soon you will come to know when the bullet hits the bonewhen the bullet hits the bone a ha when the bullet hits the bone when the bullet hits the bone a ha when the bullet hits the bonewhen the bullet hits the bone a ha when the bullet hits the bone when the bullet hits the bone a ha when the bullet hits the bone,twilight zone,golden earring,1983,19,1,1980s,reflective
its poetry in motion she turned her tender eyes to me as deep as any ocean as sweet as any harmony mmm but she blinded me with science she blinded me with science and failed me in biologywhen im dancing close to her blinding me with science science i can smell the chemicals science sciencemmm but its poetry in motion and when she turned her eyes to me as deep as any ocean as sweet as any harmony mmm but she blinded me with science she blinded me with science and failed me in geometrywhen shes dancing next to me blinding me with science science science i can hear machinery blinding me with science science scienceits poetry in motion and now shes making love to me the spheres are in commotion the elements in harmony she blinded me with science she blinded me with science and hit me with technologygood heavens miss sakamoto youre beautiful i dont believe it there she goes again shes tidied up and i cant find anything all my tubes and wires and careful notes and antiquated notionsbut its poetry in motion and when she turned her tender eyes to me as deep as any ocean as sweet as any harmony mmm but she blinded me with science she blinded me with science and failed me in geometryshe blinded me with science she blinded me with,she blinded me with science,thomas dolby,1983,23,1,1980s,reflective
i hear the drums echoing tonight but she hears only whispers of some quiet conversation shes coming in 1230 flight the moonlit wings reflect the stars that guide me towards salvation i stopped an old man along the way hoping to find some long forgotten words or ancient melodies he turned to me as if to say hurry boy its waiting there for youits gonna take a lot to take me away from you theres nothing that a hundred men or more could ever do i bless the rains down in africa gonna take some time to do the things we never had meaning byamandah editor on january 27th 2015 kristen bell dax shepard released their music video to totos africa recorded while the couple was there on safari these two are see all the wild dogs cry out in the night as they grow restless longing for some solitary company i know that i must do whats right as sure as kilimanjaro rises like olympus above the serengeti i seek to cure whats deep inside frightened of this thing that ive becomeits gonna take a lot to drag me away from you theres nothing that a hundred men or more could ever do i bless the rains down in africa gonna take some time to do the things we never hadhurry boy shes waiting there for youits gonna take a lot to drag me away from you theres nothing that a hundred men or more could ever do i bless the rains down in africa i bless the rains down in africa i bless the rain i bless the rains down in africa i bless the rain i bless the rains down in africa i bless the rains down in africa ah gonna take the time gonna take some time to do the things we never had,africa,toto,1983,24,1,1980s,reflective
i guess i should of known by the way you parked your car sideways that it wouldnt last see youre the kinda person that believes in makin out once love em and leave em fasti guess i must be dumb cause you had a pocket full of horses trojan and some of them used but it was saturday night i guess that makes it all right and you say what have i got to lose and honey i saylittle red corvette baby youre much too fast little red corvette you need a love thats gonna lasti guess i should of closed my eyes when you drove me to the place where your horses run free cause i felt a little ill when i saw all the pictures of the jockeys that were there before me meaning byamandah editor princes little red corvette is a clever metaphor for a beautiful desired person on the road to breaking down after too many onenightstands see all believe it or not i started to worry i wondered if i had enough class but it was saturday night i guess that makes it all right and you say baby have you got enough gas oh yeahlittle red corvette baby youre much to fast yes you are little red corvette you need to find a love thats gonna last ah huha body like yours a body like yours oughta be in jail oughta be in jail cause its on the verge of bein obscene cause its on the verge of bein obscene move over baby move over baby gimme the keys gimme the keys im gonna try to tame your little red love machine im gonna try to tame your little red love machinelittle red corvette baby youre much to fast little red corvette you need to find a love thats gonna lastlittle red corvette honey you got to slow down got to slow down little red corvette cause if you dont you gonna run your little red corvette right in the groundlittle red corvette right down to the ground honey you got to slow down you you you got to slow down little red corvette youre movin much too fast too fast you need to find a love thats gonna lastgirl you got an ass like i never seen and the ride i say the ride is so smooth you must be a limousinebaby youre much to fast little red corvette you need a love you need a love thats thats gonna last little red corvette babe you got to slow down you got to slow down little red corvette cause if you dont cause if you dont you gonna run your body right into the ground right into the ground right into the ground right into the ground right into the ground right into the groundlittle red corvette,little red corvette,prince,1983,25,1,1980s,reflective
i found a picture of you ohh ohh youd hijacked my world at night to a place in the past weve been passed out of ohh ohh now were back in the fight ooh ah were back on the train yeah ooh ah ooh ah oh back on the chain gang circumstance beyond our control ohh ohh the phone tv and the news of the world got in the house like a pigeon from hell ohh ohh threw sand in our eyes and descended like flies ooh ah were just back on the train yeah ooh ah ooh ah ah back on the chain gang the powers that be that force us to live like we do bring me to my knees when i see what theyve done to you well ill die as i stand here today knowing that deep in my heart theyll fall to ruin one day for makin us part i found a picture of you ohh ohh those were the happiest days of my life like a break in the battle was your part ohh ohh in the wretched life of a lonely heart ooh ah now were back on the train yeah ooh ah ooh ah ah back on the chain gang,back on the chain gang,the pretenders,1983,26,3,1980s,reflective
who knows what tomorrow brings in a world few hearts survive all i know is the way i feel when its real i keep it alivethe road is long there are mountains in our way but we climb a step every daylove lift us up where we belong where the eagles cry on a mountain high love lift us up where we belong far from the world below up where the clear winds blowsome hang on to used to be live their lives looking behind all we have is here and now all our lives out there to findthe road is long there are mountains in our way but we climb a step every daylove lift us up where we belong where the eagles cry on a mountain high love lift us up where we belong far from the world we know where the clear winds blowtime goes by no time to cry lifes you and i alive todaylove lift us up where we belong where the eagles cry on a mountain high love lift us up where we belong far from the world we know where the clear winds blowlove lift us up where we belong where the eagles cry on a mountain high love lift us up where we belong,up where we belong,joe cocker and jennifer warnes,1983,27,1,1980s,reflective
domo arigato mr roboto domo arigato mr roboto mata ahoo hima de domo arigato mr roboto himitsu wo shiri taiyoure wondering who i am secret secret ive got a secret machine or mannequin secret secret ive got a secret with parts made in japan secret secret ive got a secret i am the modren manive got a secret ive been hiding under my skin my heart is human my blood is boiling my brain ibm so if you see me acting strangely dont be surprisedim just a man who needed someone and somewhere to hide to keep me alive just keep me alive somewhere to hide to keep me aliveim not a robot without emotions im not what you see ive come to help you with your problems so we can be free im not a hero im not a saviour forget what you knowim just a man whose circumstances went beyond his control beyond my control we all need control i need control we all need controli am the modren man secret secret ive got a secret who hides behind a mask secret secret ive got a secret so no one else can see secret secret ive got a secret my true identitydomo arigato mr roboto domo domo domo arigato mr roboto domo domodomo arigato mr roboto domo arigato mr roboto domo arigato mr roboto domo arigato mr roboto domo arigato mr robotothank you very much mr roboto for doing the jobs that nobody wants to and thank you very much mr roboto for helping me escapejust when i needed to thank you thank you thank you i want to thank you please thank you ohthe problems plain to see too much technology machines to save our lives machines dehumanizethe time has come at last secret secret ive got a secret to throw away this mask secret secret ive got a secret now everyone can see secret secret ive got a secret my true identity im kilroy kilroy kilroy kilroy,mr roboto,styx,1983,28,1,1980s,reflective
i need love love to ease my mind i need to find find someone to call mine but mama said you cant hurry love no you just have to wait she said love dont come easy its a game of give and take you cant hurry love no you just have to wait you gotta trust give it time no matter how long it takes but how many heartaches must i stand before i find a love to let me live again right now the only thing that keeps me hanging on when i feel my strength yeah its almost gone i remember mama saidyou cant hurry love no you just have to wait she said love dont come easy its a game of give and take how long must i wait how much more can i take before loneliness will cause my heart heart to break no i cant bear to live my life alone i grow impatient for a love to call my own but when i feel that i i cant go on these precious words keeps me hanging on i remember mama saidcant hurry love no you just have to wait she said love dont come easy its a game of give and takeyou cant hurry love no you just have to wait she said trust give it time no matter how long it takesno love love dont come easy but i keep on waiting anticipating for that soft voice to talk to me at night for some tender arms to hold me tight i keep waiting i keep on waiting but it aint easy it aint easy when mama saidyou cant hurry love no you just have to wait she said trust give it time no matter how long it takesyou cant hurry love no you just have to wait she said love dont come easy its a game of give and take you cant hurry love no you cant,you cant hurry love,phil collins,1983,37,1,1980s,reflective
i was as wrong as i could be to let you get away from me ill regret that move for as long as im livinbut now that ive come to see the light all i wanna do is make things right so just say the word and tell me that im forgivenyou and me were gonna be better than we were before loved you then but now i intend to open up and love you even more this time you can be sureim never gonna let you go im gonna hold you in my arms forever gonna try and make up for all the times i hurt you sogonna hold your body close to mine from this day on were gonna be together oh i swear this time im never gonna let you golookin back now it seems so clear i had it all when you were here oh you gave it all and i took it for grantedbut if theres some feeling left in you some flicker of love that still shines through lets talk it out lets talk about second chanceswait and see its gonna be sweeter than it was before i gave some then but now i intend to dedicate myself to giving more this time you can be sureim never gonna let you go im gonna hold you in my arms forever gonna try and make up for all the times i hurt you sogonna hold your body close to mine from this day on were gonna be together oh i swear this time im never gonna let you gooh so if youll just say you want me tooim never gonna let you go im gonna hold you in my arms forever gonna try and make up for all the times i hurt you sogonna hold your body close to mine from this day on were gonna be together oh i swear this time im never gonna let you gonever gonna let you go hold you in my arms forever gonna try and make up for all the times i hurt you sohold your body close to mine oh were gonna be together oh i swear this time im never gonna let you go,never gonna let you go,sergio mendes,1983,16,1,1980s,sad
i can see that it wont be long you grow cold when you keep holding on you know youve changed and your words they lie thats something you cant denyi know youre not at home youre home but god im alone if you want to leave then why dont you say your love is gone anywayi know theres something going on i know theres something going on i know it wont be long wont be long before youre gonetheres something going on theres something going oni know a good thing must come to an end but its hard to take loosing a friend i know what you think and whats in your mind so darling dont quite pretendi know theres something going on i know theres something going on i know it wont be long it wont be long before youre gonetheres something going on theres something going on theres something going on theres something going oni know theres something going on i know theres something going on i know it wont be long it wont be long before youre gonetheres something going on theres something going on theres something going on theres something going oni know theres something i know theres something i know theres something,i know theres something going on,frida,1983,20,1,1980s,sad
where were you when i needed you well you could not be found what can i do oh i believed in you youre running me aroundwell you can take it as a warning or take it anyway you like its the lightning not the thunder you never know where its gonna strikeour loves in jeopardy baby ooh 2xdont be cute dont be funny now its later than you think oh whats the use save your money now its hanging on the brink dont let go while im hanging on cause i been hanging on so long its so hard to be all alone i know youre not that strongour loves in jeopardy baby oooh 2xrepeat,jeopardy,the greg kihn band,1983,21,1,1980s,sad
dont put your head on my shoulder sink me in a river of tears this could be the best place yet but you must overcome your fearsooh in time it could have been so much more the time is precious i know in time it could have been so much more the time has nothing to show because time wont give me time and time makes lovers feel like theyve got something real but you and me we know theyve got nothing but time and time wont give me time wont give me time time time timedont make me feel any colder time is like a clock in my heart touch me touch was the key too much i felt i lost you from the startooh in time it could have been so much more the time is precious i know in time it could have been so much more the time has nothing to show because time wont give me time and time makes lovers feel like theyve got something real but you and me we know theyve got nothing but time and time wont give me time wont give me time time time time ooh in time it could have been so much more the time is precious i know in time it could have been so much more the time has nothing to show because time wont give me time and time makes lovers feel like theyve got something real but you and me we know theyve got nothing but time and you know time wont give me time and time makes lovers feel like theyve got something real but you and me we know theyve got nothing but time and you know time wont give me time and time makes lovers feel like theyve got something real,time clock of the heart,culture club,1983,34,1,1980s,sad
here we stand worlds apart hearts broken in two two two sleepless nights losing ground im reachin for you you youfeelin that its gone can change your mind if we cant go on to survive the tide love dividessomeday love will find you break those chains that bind you one night will remind you how we touched and went our separate ways if he ever hurts you true love wont desert you you know i still love you though we touched and went our separate waystroubled times caught between confusion and pain pain pain distant eyes promises we made were in vain in vain vainif you must go i wish you love youll never walk alone take care my love miss you lovesomeday love will find you break those chains that bind you one night will remind you how we touched and went our separate ways if he ever hurts you true love wont desert you you know i still love you though we touched and went our separate wayssomeday love will find you break those chains that bind you one night will remind you if he ever hurts you true love wont desert you you know i still love youi still love you girl i really love you girl and if he ever hurts you true love wont desert you no no,separate ways worlds apart,journey,1983,38,1,1980s,sad
i walk along the city streets you used to walk along with me and every step i take reminds me of just how we used to be oh how can i forget you girl when there is always something there to remind me always something there to remind mewhen shadows fall i pass a small cafe where we would dance at night and i cant help recalling how it felt to kiss and hold you tight oh how can i forget you girl when there is always something there to remind me always something there to remind mei was born to love her and i will never be free youll always be a part of meif you should find you miss the sweet and tender love we used to share just go back to the places where we used to go and ill be there oh how can i forget you girl when there is always something there to remind me always something there to remind mei was born to love her and i will never be free youll always be a part of me cause there is always something there to remind me always something there to remind mealways something there to remind me always something there to remind me always something there to remind me,always something there to remind me,naked eyes,1983,46,1,1980s,sad
i still remember how much i used to need you tried so hard to please you but you didnt need me you knew i loved you knew i always would be there you just did what you wanted you didnt careall the cards were held by you there was nothin i could do all those nights i sat alone starin at the telephone wonderin were you ever comin homesolitaire it got so lonely solitaire no one to hold me where were you when i played solitaireit took some time but i stopped thinkin about you started livin without you now look whos back here youve had a change of heart well mine just couldnt wait no no you found out you loved me just a little too lateonce the cards were held by you now theres nothin you can do all those nights you sit alone starin at the telephone wonderin if im ever comin homesolitaire see what its like now solitaire to cry all night now solitaire see how it feels to bearsolitaire it gets so lonely solitaire you want to hold me dont wait up cause babe i wont be there solitaire solitaire solitairesolitaire see what its like now solitaire to cry all night now solitaire see how it feels to bearsolitaire it gets so lonely solitaire you want to hold me dont wait up cause babe i wont be there solitaire solitaire solitaire,solitaire,laura branigan,1983,59,1,1980s,sad
what can i do pictures of you still make me cry trying to live without your love its so hard to do some nights ill wake up ill look at your pillow hoping that ill see you therebut i get up each day not much to say ive nowhere to go loneliness fills me up inside cause im missing you so if youll give us a chance to remember the love we had once togetherwait and see time is all that we really need im praying you wont say no i mean to tell youdont let it end baby we could have so much more dont let it end honey please dont walk out that doorim telling you baby i made my mistakes but ill make you this promise to do what it takes ill be there to protect you and hold you tight you got my lovin baby every single nightdont let it end im begging you dont let it end this way dont let it end im begging you dont let it end this waydont let it end baby we could have so much more dont let it end honey please dont walk out that doordont let it end im begging you dont let it end this way dont let it end im begging you dont let it end this way no no no no no nowhat will i do if you say were through i need you to stay honey dont let it end this way,dont let it end,styx,1983,60,1,1980s,sad
i could hardly believe it when i heard the news today i had to come and get it straight from you they said you were leaving someone swept your heart away from the look upon your face i see its trueso tell me all about it tell me about the plans youre makin then tell me one thing more before i gotell me how am i supposed to live without you now that ive been lovin you so long how am i supposed to live without you and how am i supposed to carry on when all that ive been livin for is gonedidnt come here for cryin didnt come here to break down its just a dream of mine is comin to an end how can i blame you when i built my world around the hope that one day wed be so much more than friendsand i dont wanna know the price im gonna pay for dreamin i need you now its more than i can taketell me how am i supposed to live without you now that ive been lovin you so long how am i supposed to live without you and how am i supposed to carry on when all that ive been livin for is goneand i dont wanna know the price im gonna pay for dreamin now that your dream has come truetell me how am i supposed to live without you now that ive been loving you so long how am i supposed to live without you and how am i supposed to carry on all that ive been livin for is gonewithout you after ive been lovin you so long how am i supposed to live without you how am i supposed to carry on when all that ive been livin for is gone,how am i supposed to live without you,laura branigan,1983,61,1,1980s,sad
never had a doubt in the beginning never a doubt trusted you true in the beginning i loved you right througharm in arm we laughed like kids at all the silly things we did you made me promises promises knowing id believe promises promises you knew youd never keepsecond time around im still believing the words that you said you said youd always be hereand love forever still repeats in my head you cant finish what you start if this is love it breaks my heartyou made me promises promises you knew youd never keep promises promises why do i believearm in arm we laughed like kids at all the silly things we did but you cant finish what you start if this is love it breaks my heartyou made me promises promises you knew youd never keep promises promises why do i believeall of your promises you knew youd never keep promises promises why do i believepromises promises promises promises promises promises,promises promises,naked eyes,1983,64,1,1980s,sad
like a moth to a flame burned by the fire my love is blind cant you see my desire thats the way love goeslike a moth to a flame burned by the fire my love is blind cant you see my desire thats the way like a moth to a flame burned by the fire thats the way my love is blind cant you see my desire thats the way love goes like a moth to a flame burned by the fire thats the way love goes my love is blind cant you see my desire thats the way thats the way thats the way love goescome with me dont you worry im gonna make you crazy ill give you the time of your life im gonna take you places youve never been before and youll be so happy that you came oh im gonna take you there ooh thats the way love goes thats the way love goes thats the way love goes thats the way love goes dont mind if i light candles i like to watch us play and baby ive got on what you like come closer baby closer reach out and feel my body im gonna give you all my love oh sugar dont you hurry youve got me here all night just close your eyes and hold on tight oh baby dont stop dont stop go deeper baby deeper you feel so good im gonna cryoh im gonna take you there ooh thats the way love goes thats the way love goes thats the way love goes thats the way love goes thats the way love goes thats the way love goes dont you know like a moth to a flame burned by the fire my love is blind cant you see my desire like a moth to a flame burned by the fire my love is blind cant you see my desire thats the way thats the way thats the way thats the way thats the way thats the way thats the way love goes thats the way thats the way thats the way thats the way thats the way thats the way thats the way love goes thats the way love goes thats the way love goes thats the way love goes thats the way love thats the way love thats the way love thats the way love thats the way love thats the way love thats the way love goes,thats the way love goes,janet jackson,1993,4,1,1990s,confident
freak me baby ahh yeah freak me baby freak me baby ahh yeah freak me babylet me lick you up and down til you say stop let me play with your body baby make you real hot let me do all the things you want me to do cuz tonight baby i wanna get freaky with youbaby dont you understand i wanna be your nasty man i wanna make your body scream and you will know just what i24 carat gold to warm the nights when you get cold i wanna lick you up and down and then i wanna lay you down cmon silklet me lick you up and down til you say stop let me play with your body baby make you real hot let me do all the things you want me to do cuz tonight baby i wanna get freaky with youi love the taste of whip cream spread it on dont be mean you know i cant resist you girl ill fly you all around the worldi wanna make your body drip cmon let me take a sip take off what you cherish most cuz when i brag i like to brag and boastlet me lick you up and down til you say stop let me play with your body baby make you real hot let me do all the things you want me to do cuz tonight baby i wanna get freaky with youyou you you you oh you you you you you let me freak you you you you you all of you yeah come on come onyou you you you oh you you you you you let me do you cuz tonight baby i wanna get freaky with youlet me lick you up and down til you say stop let me play with your body baby make you real hot let me do all the things you want me to do cuz tonight baby i wanna get freaky with youlet me lick you up and down til you say stop let me play with your body baby make you real hot let me do all the things you want me to do cuz tonight baby i wanna get freaky freakylet me lick you up and down til you say stop let me play with your body baby make you real hot let me do all the things you want me to do cuz tonight baby i wanna get freaky with you,freak me,silk,1993,5,1,1990s,confident
my mind is tellin me no but my body my bodys tellin me yes baby i dont want to hurt nobody but there is something that i must confess to youi dont see nothing wrong with a little bump and grind i dont see nothing wrong hey baby hey i dont see nothing wrong i dont see nothing wrong with a little bump and grind i dont see nothing wrong heysee i know just what you want and i know just what you need girl so baby bring your body to me bring your body here im not fooling around with you baby baby my love is true with you with you is where i want to be girl you need someone someone like me to satisfy your every needsi dont see nothing wrong with a little bump and grind i dont see nothing wrong baby baby i dont see i dont see nothing wrong i dont see nothing wrong with a little bump and grind i dont see nothing wrong baby heyyou say hes not treating you right lady spend the night now ill love you like you need to be loved girl why dont you try some of me no need to look no more because ive opened up my door youll never youll never want another love baby youll never find another me you see you need someone someone like me yeah to make love to you baby constantlyi dont see nothing wrong with a little bump and grind i dont see nothing wrong oh i dont see nothing wrong with a little bump and grind i dont see nothing wrong baby baby alrighti dont see nothing wrong i dont see nothing wrong with a little bump and grind i dont see nothing wrong i dont see i dont see nothing wrong i dont see nothing wrong no no no with a little bump and grind i dont see nothing wrong nothing wrong nothing wrong nothing wrong i dont see nothing wrong with a little bump and grind,bump n grind,r kelly,1994,11,1,1990s,confident
i know what youre doing yeah yeah i know why you dialed my number i know what youre doing yeah yeah i know why you carei know what youre doing yeah yeah i know why you say you love me i know what youre doing yeah yeah and i dont think its fairi know why you dialed my number i know why you say youre mine i know what youre doingand its not gonna work this time 2i know what youre doing yeah yeah i can never sing in that key i know what youre doing yeah yeah and youre the one to blamei know what youre doing yeah yeah i know why you cant forgive me i know why youre singing lost love the lyrics havent changed1i can recognize the symptoms you should know ive changed my mind i know what youre doing and its not gonna work this time hey hey hey said its not gonna work this timei know what youre doing baby i know why you call my name i know why you say you love me but i cant say the same repeat 1,i know,dionne farris,1995,11,1,1990s,confident
let me lay it on the line i got a little freakiness inside and you know that the man has got to deal with it i dont care what they say im not about to pay nobodys way cause its all about the dog in me mmhmmi want to freak in the morning a freak in the evening just like me i need a roughneck brother that can satisfy me just for me if you are that kind of man cause im that kind of girl i got a freaky secreteverybody sing cause we dont give a damn about a thingcause i will be a freak until the day until the dawn and we can pump pump all through the night till the early morncome on and i will take you around the hood on a gangsta lean cause we can pump pump any time of day its all good for meboy youre moving kind of slow you got to keep it up now there you go theres just one thing that a man must do mmhmmim packing all the flavor you need i got you shook up on your knees cause its all about the dog in mei want to freak in the morning a freak in the evening just like me i need a roughneck brother that can satisfy me just for me if you are that kind of man cause im that kind of girl i got a freaky secreteverybody sing cause we dont give a damn about a thingcause i will be a freak until the day until the dawn and we can pump pump all through the night till the early morncome on and i will take you around the hood on a gangsta lean cause we can pump pump any time of day its all good for mecause i will be a freak until the day until the dawn and we can pump pump all through the night till the early morncome on and i will take you around the hood on a gangsta lean cause we can pump pump any time of day its all good for meone to the two to the two to the three adina do you want to get freaky with me,freak like me,adina howard,1995,13,1,1990s,confident
oh ooooh come on ooh yeah well i tried to tell you so yes i did but i guess you didnt know as i said the story goes baby now i got the flow cause i knew it from the start baby when you broke my heart that i had to come again and show you that im realyou lied to me all those times i said that i love you you lied to me yes i tried yes i tried you lied to me even though you know id die for you you lied to me yes i cried yes i criedchorus return of the mack it is return of the mack come on return of the mack oh my god you know that ill be back here i am return of the mack once again return of the mack pump up the world return of the mack watch my flow you know that ill be back here i goso im back up in the game running things to keep my swing letting all the people know that im back to run the show cause what you did you know was wrong and all the nasty things youve done so baby listen carefully while i sing my comeback songyou lied to me cause she said shed never turn on me you lied to me but you did but you do you lied to me all these pains you said id never feel you lied to me but i do but i do do doreturn of the mack here it is return of the mack hold on return of the mack dont you know you know that ill be back here i go return of the mack oh little girl return of the mack wants my pearl return of the mack up and down you know that ill be back round and roundyou lied to me cause she said shed never turn on me you lied to me but you did but you do you lied to me all these pains you said id never feel you lied to me but i do but i do do dochorusyou know that ill be back dont you knowreturn of the mack here it is return of the mack hold on return of the mack dont you know you know that ill be back here i go return of the mack oh little girl return of the mack wants my pearl return of the mack up and down you know that ill be back round and round,return of the mack,mark morrison,1997,8,1,1990s,confident
i hate the world today youre so good to me i know but i cant changetried to tell you but you look at me like maybe im an angel underneath innocent and sweetyesterday i cried you must have been relieved to see the softer side i can understand how youd be so confusedi dont envy you im a little bit of everything all rolled into oneim a bitch im a lover im a child im a mother im a sinner im a saint i do not feel ashamedim your hell im your dream im nothing in between you know you wouldnt want it any other wayso take me as i am this may mean youll have to be a stronger man rest assured thatwhen i start to make you nervous and im going to extremes tomorrow i will change and today wont mean a thingim a bitch im a lover im a child im a mother im a sinner im a saint i do not feel ashamedim your hell im your dream im nothing in between you know you wouldnt want it any other wayjust when you think you got me figured out the seasons already changing i think its cool you do what you do and dont try to save meim a bitch im a lover im a child im a mother im a sinner im a saint i do not feel ashamedim your hell im your dream im nothing in between you know you wouldnt want it any other wayim a bitch im a tease im a goddess on my knees when you hurt when you suffer im your angel undercoverive been numb im revived cant say im not alive you know i wouldnt want it any other way,bitch,meredith brooks,1997,15,1,1990s,confident
bad boy 98 total kima keisha pam missy talk to me yeah yeah yeah yeahuh bad boy bad boy my mic sounds nice check one bad boy my mic sounds nice check twopuff ima make em go deaf make you say who dat them total bitches bad asses kima keisha and pam oh shit god dammit should you cram it or slam it damn right ima jam itbaby you sho is somethin see i wont trade you for nothin see everything you do to me you got me trippin and im satisfied and thats guaranteedchorus x2 i hope you that youve been checkin me i know what youre talkin bout you got me trippin on my own feet you got me buggin boy you bring me so much joy you got me open boy and ima save my stuff for youbaby yeah theres one thing ill mention me and her see shes no competitionso tell her that youre through with her and youre in love with me and thats totally and youre dedicated to mechorus x2baby theres one thing ill mention nah nah nah see shes no competitioni wont quit it till i get it till i have it ill admit it im in love you got me shit you got me i wont quit it till i get it till i have it ill admit it im in love you got me shit you got mebaby you know that you got me trippin ya see im open baby im open baby you know that you got me trippin ya see im open baby im openchorusthank you thank you 98 and we wont stop nah nah nah nah yeah yeah yeah missy misdemeanor,trippin,total featuring missy elliott,1999,60,1,1990s,confident
you say its been too long since you had some you say i turn you on like the fire thats burring inside you think that im the one you see in your dreams i know what you mean yeahits creepin around in my head me holding you down in my bed you dont have to say a word im convinced you want thisbaby you know i can give it to you cant deny ill do it right just let me know and ill give it to you show me where ill taste you therebaby you know that ill give it to you your body needs a man like me anything goes when i give it to you without a doubt ill turn you outthe feelin is fine giving you everything of mineim the place to be and soon youll see i dont care who leads as long as we do horizontally anyone can make you sweat but i can keep you wetits creepin around in my head me holding you down in my bed i cant wait to give you some im convinced you need itbaby you know i can give it to you cant deny ill do it right just let me know and ill give it to you show me where ill taste you therebaby you know that ill give it to you your body needs a man like me anything goes when i give it to you without a doubt ill turn you onthe feelin is fine givin you everything of mineits creepin around in my head im holding you down in my bed you dont have to say a word just relax ill do the work i cant wait to give you some im convinced you need one babybaby you know i can give it to you cant deny ill do you right just let me know and ill give it to you show me where ill taste you therebaby you know that ill give it to you your body needs a man like me anything goes when i give it to you without a doubt ill turn you out baby you knowi want to satisfy your every wish and mine baby id know just what you need and all the things you want baby no one could ever do you like i do you right baby theres nothing we cant do cause we do it right babythe feelin is fine giving you everything of mine,give it to you,jordan knight,1999,63,1,1990s,confident
party people yeah tag team music in full effect thats me dc the brain supreme and my man steve rolln were kicking the flow were kickin the flow and it goes a little somethin like this tag team back again check its records lets begin party on party people let me hear some noise dcs in the house jump jump rejoice theres a party over here a party over there wave your hands in the air shake your deriere these three words when youre gettin busy whoomp there it is hit meupside down and inside out im about to show all you folks whats its all about now its time for a nigga to get on the mic and make this mother fucking party hype im taking it back to the old school cause im an old fool whos so cool if you want to get down im gonna show you the way whoomp there it is let me hear you saywhoomp chak a laka chack a laka chak a laka chak a whoomp chak a laka chack a laka chak a laka chak a whoomp chak a laka chack a laka chak a laka chak a whoomp chak a laka chack a laka chak a laka chak apoint blank gin and juice i drank gettin bent and bent and as i puff on a dankt rock a mic uh oh i crave skin rip shit find a honey to to dip it in slam dunk it stick it flip it and ride that b double o t y oh my ooh thats it come on come on whoomp there it is im donesome say im crazy cause im pushin up daises the underground sound that you have found amazing outstanding demanding commanding you people dancin shit thats a breath taker i produce aka the undertaker you want to come down to the underground old school heres a shovel can you dig it fool can you dig it we can dig it can yll dig it we can dig itw h double o m p as i flow to the fly shit from the school of old hardcore keep the folk lore wreck three to the two and one miccheck mad skill flow ill on the mesh of steel thats the grill of the microphone i just killed party people its your party tag team is through whoomp there it is i thought you knewyeah tag team music comin straight atcha thats me dc the brain supreme and my man steve rolln bring it back yall bring it back yall bring it back here we gowhoomp there it is,whoomp there it is,tag team,1993,2,1,1990s,happy
wise men say only fools rush in but i cant help falling in love with youwise men say only fools rush in but i cant help falling in love with youshall i stay would it be a sin but i cant help falling in love with youas the river flows gently to the sea darling so we go some things were meant to betake my hand take my whole life too but i cant help falling in love with youas the river flows gently to the sea darling so we go some things were meant to betake my hand take my whole life too but i cant help falling in love with youi cant help falling in love with you i cant help falling in love with you i cant help falling in love with you,cant help falling in love,ub40,1993,3,1,1990s,happy
i dont know what it is that youve done to me but its caused me to act in such a crazy way whatever it is that you do when you do what youre doing its a feeling that i dont understandcause my heart starts beating triple time with thoughts of loving you on my mind i cant figure out just what to do when the cause and cure is youi get so weak in the knees i can hardly speak i lose all control and something takes over me in a daze and its so amazing its not a phase i want you to stay with me by my side i swallow my pride your love is so sweet it knocks me right off of my feet cant explain why your loving makes me weaktime after time after time ive tried to fight it but your love is strong it keeps on holding on resistance is down when youre around starts fading in my condition i dont want to be alonecause my heart starts beating triple time with thoughts of loving you on my mind i cant figure out just what to do when the cause and cure is you ohi get so weak in the knees i can hardly speak i lose all control and something takes over me in a daze and its so amazing its not a phase i want you to stay with me by my side i swallow my pride your love is so sweet it knocks me right off of my feet cant explain why your loving makes me weaki try hard to fight it no way can i deny it your loves so sweet it knocks me off my feeti get so weak in the knees i can hardly speak i lose all control and something takes over me in a daze and its so amazing its not a phase i want you to stay with me by my side i swallow my pride your love is so sweet it knocks me right off of my feet cant explain why your loving makes me weaki get so weak blood starts racing through my veins i get so weak boy its something i cant explain i get so weak something bout the way you do the things you do it knocks me right off of my feet off my feet i cant explain why your loving makes me weaki get so weak in the knees i can hardly speak i lose all control and something takes over me in a daze and its so amazing its not a phase i want you to stay with me by my side i swallow my pride your love is so sweet it knocks me right off of my feet,weak,swv,1993,6,1,1990s,happy
sha doop shobe doo sha doop shobe doo sha doop shobe dooin the still of the nite i held you held you tight oh i love love you so promise ill never let you go in the still of the nite in the still of the nitei remember that night in bed i remember i remember well the stars were bright up above i remember i remember i hope and i pray i remember i remember to keep your precious loveso before the light hold me again with all of your might in the still of the nite in the still of the niteshoo wap shoo wa shoo wap shoo wa shoo wap shoo waso before the light hold me again with all of your might in the still of the nite in the still of the nite in the still of the nitesha doop shobe doo sha doop shobe doo sha doop shobe doo,in the still of the nite,boyz ii men,1993,12,1,1990s,happy
close your eyes make a wish and blow out the candlelight for tonight is just your night were gonna celebrate all through the nightpour the wine light the fire girl your wish is my command i submit to your demands i will do anything girl you need only askill make love to you like you want me to and ill hold you tight baby all through the night ill make love to you when you want me to and i will not let go till you tell me togirl relax lets go slow i aint got nowhere to go im just gonna concentrate on you girl are you ready its gonna be a long nightthrow your clothes on the floor im gonna take my clothes off too i made plans to be with you girl whatever you ask me you know i can doill make love to you like you want me to and ill hold you tight baby all through the night ill make love to you when you want me to and i will not let go till you tell me tobaby tonight is your night and i will do you right just make a wish on your night anything that you ask i will give you the love of your lifeill make love to you like you want me to and ill hold you tight baby all through the night ill make love to you when you want me to and i will not let go till you tell me toill make love to you like you want me to and ill hold you tight baby all through the night ill make love to you when you want me to and i will not let go till you tell me to,ill make love to you,boyz ii men,1994,3,1,1990s,happy
the whispers in the morning of lovers sleeping tight are rolling by like thunder now as i look in your eyes i hold on to your body and feel each move you make your voice is warm and tender a love that i could not forsake cause i am your lady and you are my man whenever you reach for me ill do all that i can even though there may be times it seems im far away never wonder where i am cause i am always by your side cause i am your lady and you are my man whenever you reach for me ill do all that i can were heading for something somewhere ive never been sometimes i am frightened but im ready to learn of the power of love the sound of your heart beating made it clear suddenly the feeling that i cant go on is light years away cause i am your lady and you are my man whenever you reach for me im gonna do all that i can were heading for something somewhere ive never been sometimes i am frightened but im ready to learn of the power of love the power of love incomprehensible the power of love,the power of love,celine dion,1994,4,3,1990s,happy
when its love you give ill be a man of good faith then in love you live ill make a stand i wont break ill be the rock you can build on be there when youre old to have and to hold when theres love inside i swear ill always be strong then theres a reason why ill prove to you we belong ill be the one that protects you from the wind and the rain from the hurt and the pain lets make it all for one and all for love let the one you hold be the one you want the one you need cause when its all for one its one for all when theres someone that should know then just let your feelings show and make it all for one and all for love when its love you make ill be the fire in your night then its love you take i will defend i will fight ill be there when you need me when honors at stake this vow i will make that its all for one and all for love let the one you hold be the one you want the one you need cause when its all for one its one for all when theres someone that should know then just let your feelings show and make it all for one and all for love dont lay our love to rest cause we could stand up to the test we got everything and more than we had planned more than the rivers that run the land weve got it all in our hands now its all for one and all for love let the one you hold be the one you want the one you need cause when its all for one its one for all when theres someone that should know then just let your feelings show when theres someone that you want when theres someone that you need lets make it all all for one and all for love,all for love,bryan adams rod stewart and sting,1994,8,3,1990s,happy
oh when you walk by every night talking sweet and looking fine i get kinda hectic inside mmm baby im so into you darling if you only knew all the things that flow through my mindbut its just a sweet sweet fantasy baby when i close my eyes you come and you take me its so deep in my daydreams but its just a sweet sweet fantasy babyimages of rapture creep into me slowly as youre going to my head and my heart beats faster when you take me over time and time and time again meaning byamandah editor in an interview with live nation tv mariah discussed how she heard tom tom clubs genius of love while at an amusement park and immediately wanted to see all but its just a sweet sweet fantasy baby when i close my eyes you come and you take me its so deep in my daydreams but its just a sweet sweet fantasy babysweet sweet fantasy baby when i close my eyes you come and you take me its so deep in my daydreams but its just a sweet sweet fantasy babyim in heaven with my boyfriend my laughing boyfriend theres no beginning and there is no end feels like im dreaming but im not sleepingsweet sweet fantasy baby when i close my eyes you come and you take me its so deep in my daydreams but its just a sweet sweet fantasy babysweet sweet fantasy baby when i close my eyes you come and you take me its so deep in my daydreams but its just a sweet sweet fantasy babysweet sweet fantasy baby sweet sweet fantasy baby,fantasy,mariah carey,1995,7,1,1990s,happy
dale a tu cuerpo alegria macarena que tu cuerpo es pa darle alegria y cosa buena dale a tu cuerpo alegria macarena hey macarenadale a tu cuerpo alegria macarena que tu cuerpo es pa darle alegria y cosa buena dale a tu cuerpo alegria macarena hey macarenamacarena tiene un novio que se llama que se llama de apellido vitorino que en la jura de bandera el muchacho se la dio con dos amigosmacarena tiene un novio que se llama que se llama de apellido vitorino y en la jura de bandera el muchacho se la dio con dos amigosdale a tu cuerpo alegria macarena que tu cuerpo es pa darle alegria y cosa buena dale a tu cuerpo alegria macarena hey macarenadale a tu cuerpo alegria macarena que tu cuerpo es pa darle alegria y cosa buena dale a tu cuerpo alegria macarena hey macarenamacarena macarena macarena que te gustan los veranos de marbella macarena macarena macarena que te gusta la movida guerrilleradale a tu cuerpo alegria macarena que tu cuerpo es pa darle alegria y cosa buena dale a tu cuerpo alegria macarena hey macarenadale a tu cuerpo alegria macarena que tu cuerpo es pa darle alegria y cosa buena dale a tu cuerpo alegria macarena hey macarenamacarena suena con el corte ingles y se compra los modelos mas modernos le gustaria vivir en nueva york y ligar un novio nuevomacarena suena con el corte ingles y se compra los modelos mas modernos le gustaria vivir en nueva york y ligar un novio nuevodale a tu cuerpo alegria macarena que tu cuerpo es pa darle alegria y cosa buena dale a tu cuerpo alegria macarena hey macarenadale a tu cuerpo alegria macarena que tu cuerpo es pa darle alegria y cosa buena dale a tu cuerpo alegria macarena hey macarenamacarena tiene un novio que se llama que se llama de apellido vitorino y en la jura de bandera del muchacho se la dio con dos amigosmacarena tiene un novio que se llama que se llama de apellido vitorino y en la jura de bandera del muchacho se la dio con dos amigosdale a tu cuerpo alegria macarena que tu cuerpo es pa darle alegria y cosa buena dale a tu cuerpo alegria macarena hey macarenadale a tu cuerpo alegria macarena que tu cuerpo es pa darle alegria y cosa buena dale a tu cuerpo alegria macarena hey macarena,macarena bayside boys mix,los del r'io,1996,1,1,1990s,happy
for all those times you stood by me for all the truth that you made me see for all the joy you brought to my life for all the wrong that you made rightfor every dream you made come true for all the love i found in you ill be forever thankful babyyoure the one who held me up never let me fall youre the one who saw me through through it allyou were my strength when i was weak you were my voice when i couldnt speak you were my eyes when i couldnt see you saw the best there was in melifted me up when i couldnt reach you gave me faith cause you believed im everything i am because you loved me ooh babyyou gave me wings and made me fly you touched my hand i could touch the sky i lost my faith you gave it back to me you said no star was out of reachyou stood by me and i stood tall i had your love i had it all im grateful for each day you gave memaybe i dont know that much but i know this much is true i was blessed because i was loved by youyou were my strength when i was weak you were my voice when i couldnt speak you were my eyes when i couldnt see you saw the best there was in melifted me up when i couldnt reach you gave me faith cause you believed im everything i am because you loved meyou were always there for me the tender wind that carried me the light in the dark shining your love into my life youve been my inspiration through the lies you were the truth my world is a better place because of youyou were my strength when i was weak you were my voice when i couldnt speak you were my eyes when i couldnt see you saw the best there was in melifted me up when i couldnt reach you gave me faith cause you believed im everything i am because you loved meyou were my strength when i was weak you were my voice when i couldnt speak you were my eyes when i couldnt see you saw the best there was in melifted me up when i couldnt reach you gave me faith cause you believed im everything i am because you loved me ohhhh im everything i am because you loved me,because you loved me,celine dion,1996,3,1,1990s,happy
the very first time that i saw your brown eyes your lips said hello and i said hi i knew right then you were the onebut i was caught up in physical attraction but to my satisfaction baby you were more than just a phaseand if i ever ever fall in love again again i will be sure that the lady is a friendand if i ever ever fall in love so true so true i will be sure that the ladys just like youoh yeah yeah yyeah the very next time shell be my friendif i say that i could be your one and only promise that youll never leave me lonely i just wanna be the one you need oh babyi just wanna be the one to serve you sometimes i feel as if i dont deserve you i cherish every moment that we shareand if i ever ever fall in love again again i will be sure that the lady is a friendand if i ever fall ever fall in love so true so true i will be sure that the ladys just like youi need someone wholl be my friend to be with me through thick and thin please share my love with me my friend i need someone like youand if i ever ever fall in love again again i will be sure that the lady is a friendand if i ever fall ever fall in love so true true i will be sure that the ladys just like you,if i ever fall in love,shai,1993,7,1,1990s,reflective
i need a lover to give me the kind of love that would last always i need somebody uplifting to take me awayi want a lover who knows me who understands how i feel inside someone to comfort and hold me through the long lonely nights till the dawn why dont you take me awaydream lover come rescue me take me up take me down take me anywhere you want to baby now i need you so desperately wont you please come around cause i wanna share forever with you babyi dont want another pretender to disillusion me one more time whispering words of forever playing with my mindi need someone to hold on to the kind of love that wont fly away i just want someone to belong to everyday of my life always so come and take me awaydream lover come rescue me take me up take me down take me anywhere you want to baby now i need you so desperately wont you please come around cause i wanna share forever with you babybaby come and take me awaydream lover come rescue me take me up take me down take me anywhere you want to baby now i need you so desperately wont you please come around cause i wanna share forever with you babydream lover come rescue me take me up take me down take me anywhere you want to baby now i need you so desperately wont you please come around cause i wanna share forever with you baby,dreamlover,mariah carey,1993,8,1,1990s,reflective
hi we are not in right now but if you leave your name and number well get back to youall this love waiting just for you i just gotta know that your love is true cant keep running boy in and out my life wanna be your girl not cause the mood is rightif i let you come inside tomorrow will you hide will you be there for me when i need someone to hold me baby dont misunderstand i do want for my man i just need a little time before i invest my love dont walk away boy my love wont hurt you dont walk away boy ill be right there for youyou said all the things that i like to hear you push all my buttons baby love to have close to me wanna feel your love wanna be for sure that its me you need baby each and every nightif i let you come inside tomorrow will you hide will you be there for me when i need someone to hold baby dont misunderstand i do want you for my man i just need a little time before i invest my love dont walk away boy my love wont hurt you dont walk away boy ill be right there for youdont misunderstand i want you for my man i need a little time before i give you my love dont walk away boy ill be right there for youdont walk away this is what is sounds like when we make lovedont walk away boy dont walk away boy ill be right there for you dont walk away boy my love wont hurt you dont walk away boy ill be right there for you dont walk away boy my love wont hurt you,dont walk away,jade,1993,13,1,1990s,reflective
i i gotta new life you would hardly recognize me im so glad how could a person like me care for you i why do i bother when youre not the one for me its enough enoughi saw the sign and it opened up my eyes i saw the sign life is demanding without understanding i saw the sign and it opened up my eyes i saw the sign no ones gonna drag you up to get into the light where you belong but where do you belongi under the clear moon for so many years ive wondered who you are how could a person like you bring me joy under the pale moon where i see a lot of stars its enough enoughi saw the sign and it opened up my eyes i saw the sign life is demanding without understanding i saw the sign and it opened up my eyes i saw the sign no ones gonna drag you up to get into the light where you belong but where do you belong oh oh ohi saw the sign and it opened up my mind and i am happy now living without you ive left you oh oh ohi saw the sign and it opened up my eyes i saw the sign no ones gonna drag you up to get into the light where you belongi saw the sign i saw the sign i saw the sign i saw the sign i saw the sign i saw the sign i saw the sign i saw the sign and it opened up my eyes i saw the sign,the sign,ace of base,1994,1,1,1990s,reflective
theres a hero if you look inside your heart you dont have to be afraid of what you are theres an answer if you reach into your soul and the sorrow that you know will melt awayand then a hero comes along with the strength to carry on and you cast your fears aside and you know you can survive so when you feel like hope is gone look inside you and be strong and youll finally see the truth that a hero lies in you meaning byamandah editor hero was originally intended for gloria esteban to record would it have been as successful as mariahs see all its a long road when you face the world alone no one reaches out a hand for you to hold you can find love if you search within yourself and the emptiness you felt will disappearand then a hero comes along with the strength to carry on and you cast your fears aside and you know you can survive so when you feel like hope is gone look inside you and be strong and youll finally see the truth that a hero lies in youlord knows dreams are hard to follow but dont let anyone tear them away hold on there will be tomorrow in time youll find the wayand then a hero comes along with the strength to carry on and you cast your fears aside and you know you can survive so when you feel like hope is gone look inside you and be strong and youll finally see the truth that a hero lies in you that a hero lies in you that a hero lies in you,hero,mariah carey,1994,5,1,1990s,reflective
hmm hmm say goodbye not knowing when the truth in my whole life began say goodbye not knowing how to cry you taught me thatand ill remember the strength that you gave me now that im standing on my own ill remember the way that you saved me ill rememberinside i was a child that could not mend a broken wing outside i looked for a way to teach my heart to singand ill remember the love that you gave me now that im standing on my own ill remember the way that you changed me ill rememberi learned to let go of the illusion that we can possess i learned to let go i travel in stillness and ill remember happiness ill remember hmmill remember hmm and ill remember the love that you gave me now that im standing on my own ill remember the way that you changed me ill remember ill rememebernow ill never be afraid to cry now i finally have a reason whyill remember ill remember now ill never be afraid to cry now i finally have a reason whyill remember ill remember now ill never be afraid to cry and i finally have a reason whyill remember ill remember now ill never be afraid to cry and i finally have a reason whyremember,ill remember,madonna,1994,13,1,1990s,reflective
as i walk through the valley of the shadow of death i take a look at my life and realize theres none left cause ive been brassing and laughing so long that even my mamma thinks that my mind is gone but i aint never crossed a man that didnt deserve it me be treated like a punk you know thats unheard of you better watch how you talking and where you walking or you and your homies might be lined in chalk i really hate to trip but i gotta lope as they croak i see myself in the pistal smoke fool im the kinda g that little homies want to be like on my knees in the night saying prayers in the street lightthey been spending most their lives living in the gangstas paradise they been spending most their lives living in the gangstas paradise we keep spending most our lives living in the gangstas paradise we keep spending most our lives living in the gangstas paradisethey got the situation they got me facing i cant live a normal life i was raised by the strip so i gotta be down with the hood team too much television watching got me chasing dreams im a educated fool with money on my mind got my ten in my hand and a gleam in my eye im a loped out gangsta set trippin banger and my homies is down so gonna rouse my anger fool death aint nothing but a heart beat away im living life do or die what can i say im twenty three never will i live to see 24 the way things is going i dont knowtell me why are we so blind to see that the ones we hurt are you and methey been spending most their lives living in the gangstas paradise they been spending most their lives living in the gangstas paradise we keep spending most our lives living in the gangstas paradise we keep spending most our lives living in the gangstas paradisepower and the money money and the power minute after minute hour after hour everybodys running but half of them aint looking whats going on in the kitchen but i dont know whats cooking they say ive got to learn but nobodys here to teach me if they cant understand it how can they reach me i guess they cant i guess they wont i guess they front thats why i know my life is out of luck foolthey been spending most their lives living in the gangstas paradise they been spending most their lives living in the gangstas paradise we keep spending most our lives living in the gangstas paradise we keep spending most our lives living in the gangstas paradisetell me why are we so blind to see that the ones we hurt are you and metell me why are we so blind to see that the ones we hurt are you and me,gangstas paradise,coolio featuring lv,1995,1,1,1990s,reflective
a lonely mother gazing out of her window staring at a son that she just cant touch if at any time hes in a jam shell be by his side but he doesnt realize he hurts her so much but all the praying just aint helping at all cause he cant seem to keep his self out of trouble so he goes out and he makes his money the best way he know how another body laying cold in the gutter listen to medont go chasing waterfalls please stick to the rivers and the lakes that youre used to i know that youre gonna have it your way or nothing at all but i think youre moving too fastlittle precious has a natural obsession for temptation but he just cant see she give him loving that his body cant handle but all he can say is baby its good to me one day he goes and takes a glimpse in the mirror but he doesnt recognize his own face his health is fading and he doesnt know why three letters took him to his final resting place yall dont hear medont go chasing waterfalls please stick to the rivers and the lakes that youre used to i know that youre gonna have it your way or nothing at all but i think youre moving too fasti seen rainbow yesterday but too many storms have come and gone leavin a trace of not on godgiven ray is it because my life is ten shades of gray i pray all ten fade away seldom praise him for the sunny days and like his promise is true only my faith can undo the many chances i blew to bring my life to anew clear blue and unconditional skies have dried the tears from my eyes no more lonely cries my only bleedin hope is for the folk who cant cope wit such an endurin pain that it keeps em in the pourin rain whos to blame for tootin caine in your own vein what a shame you shoot and aim for someone elses brain you claim the insane and name this day in time for fallin prey to crime i say the system got you victim to your own mind dreams are hopeless aspirations in hopes of comin true believe in yourself the rest is up to me and youdont go chasing waterfalls please stick to the rivers and the lakes that youre used to i know that youre gonna have it your way or nothing at all but i think youre moving too fastdont go chasing waterfalls please stick to the rivers and the lakes that youre used to i know that youre gonna have it your way or nothing at all but i think youre moving too fast,waterfalls,tlc,1995,2,1,1990s,reflective
there used to be a greying tower alone on the sea you became the light on the dark side of me love remained a drug thats the high and not the pill but did you know that when it snows my eyes become large and the light that you shine can be seenbaby i compare you to a kiss from a rose on the grey ooh the more i get of you the stranger it feels yeah now that your rose is in bloom a light hits the gloom on the greythere is so much a man can tell you so much he can say you remain my power my pleasure my pain baby to me youre like a growing addiction that i cant deny wont you tell me is that healthy baby but did you know that when it snows my eyes become large and the light that you shine can be seenbaby i compare you to a kiss from a rose on the grey ooh the more i get of you the stranger it feels yeah now that your rose is in bloom a light hits the gloom on the greyive been kissed by a rose on the grey ive been kissed by a rose on the grey and if i should fall will it all go away ive been kissed by a rose on the greythere is so much a man can tell you so much he can say you remain my power my pleasure my pain to me youre like a growing addiction that i cant deny wont you tell me is that healthy baby but did you know that when it snows my eyes become large and the light that you shine can be seenbaby i compare you to a kiss from a rose on the grey ooh the more i get of you the stranger it feels yeah now that your rose is in bloom a light hits the gloom on the greyyes i compare you to a kiss from a rose on the grey ooh the more i get of you stranger it feels yeah and now that your rose is in bloom a light hits the gloom on the greynow that your rose is in bloom a light hits the gloom on the grey,kiss from a rose,seal,1995,4,1,1990s,reflective
its just one of dem days when i wanna be all alone its just one of dem days when i gotta be all alone its just one of dem days dont take it personal its just one of dem days and you think i treat you wrongi wanna take some time out to think things through i know it always feels like im doing you wrong but im so in love with you so understand that im only in love youre the only one i need so have no thought that i want to leave and baby trust me pleasejust one of dem days that a girl goes through when im angry inside dont want to take it out on to you just one of dem days dont take it personal i just wanna be all alone and you think i treat you wrongdont take it personal baby baby baby baby babyi sit and think about every thing we do and i find myself in misery and that aint cool hey now i really want to be with you the whole way through but the way you make me feel inside keeps me confusedas i swing back mood to mood its not because of you i never want you to be insecure so wont you understand that im only in love youre the only one i need ill be there for you when you need me boy so baby dont you leavejust one of dem days that a girl goes through when im angry inside dont want to take it out on to you just one of dem days dont take it personal i just wanna be all alone and you think i treat you wrongjust one of dem days that a girl goes through when im angry inside i dont want to take it out on you just one of dem days dont take it personal i just wanna be all alone and you think i treat you wrongdont take it personal baby baby baby baby baby dont take it personal yeah dont take it personaljust one of dem days that a girl goes through when im angry inside dont want to take it out on you just one of dem days dont take it personal i just wanna be all alone and you think i treat you wrongdont take it personal baby personal baby personal baby personal baby personal baby personal baby personal baby personal baby,dont take it personal just one of dem days,monica,1995,9,1,1990s,reflective
if i should stay ill only be in your way so ill go but i know ill think of you every step of the wayand i will always love you i will always love you you my darling you hmmmbittersweet memories that is all im taking with me so goodbye please dont cry we both know im not what you you needand i will always love you i will always love youi hope life treats you kind and i hope you have all youve dreamed of and i wish to you joy and happiness but above all this i wish you loveand i will always love you i will always love you i will always love you i will always love you i will always love you i i will always love youyou darling i love you oh ill always ill always love you,i will always love you,whitney houston,1993,1,1,1990s,sad
you say i only hear what i want to and you say i talk so all the time soand i thought what i felt was simple and i thought that i dont belong and now that i am leaving now i know that i did something wrong cause i missed you yeah i missed youand you say i only hear what i want to i dont listen hard i dont pay attention to the distance that youre running or to anyone anywherei dont understand if you really care im only hearing negative no no no badso i i turned the radio on iturned the radio up and this woman was singing my song lovers in love and the others run away lover is crying cause the other wont stayand some of us hover when we weep for the other who was dying since the day they were born well well this is not that i think that im throwing but im thrownand i thought id live forever but now im not so sure you try to tell me that im clever but that wont take me anyhow or anywhere with youand you said that i was naive and i thought that i was strong i thought hey i can leave i can leave oh but now i know that i was wrong cause i missed you yeah i missed youyou said you caught me cause you want me and one day ill let you go you try to give away a keeper or keep me cause you know youre just so scared to loseand you say stay you say i only hear what i want to,stay i missed you,lisa loeb and nine stories,1994,6,1,1990s,sad
if i never feel you in my arms again if i never feel your tender kiss again if i never hear i love you now and then will i never make love to you once againplease understand if love ends then i promise you i promise you that that i shall never breathe again breathe again breathe again that i shall never breathe again breathe againand i cant stop thinkin about about the way things used to be and i cant stop thinkin about about the love that you make to meand i cant get you out of my head how in the world will i begin to let you walk right out my life and blow my heart awayand i cant stop carin about about the apple of my eye and i cant stop doin without without the center of my lifeand i cant get you out of my head and i know i cant pretend that i wont die if you decide you wont see me againif i never feel you in my arms again if i never feel your tender kiss again if i never hear i love you now and then will i never make love to you once againplease understand if love ends then i promise you i promise you that that i shall never breathe again breathe again breathe again that i shall never breathe again breathe againand i cant stop thinkin about about the way my life would be no i cant stop thinkin about how could your love be leavin meand i cant get you out of my mind god knows how hard i tried and if you walk right out my life god knows id surely dieand i cant stop doin without without the rythm of my heart no i cant stop doin without for i would surely fall apartand i cant get you out of my mind cause i know i cant deny and i would die if you decide you wont see me againif i never feel you in my arms again if i never feel your tender kiss again if i never hear i love you now and then will i never make love to you once againplease understand if love ends then i promise you i promise you that that i shall never breathe again breathe again breathe again that i shall never breathe again breathe again that i shall never breathe again breathe again breathe again that i shall never breathe again breathe again,breathe again,toni braxton,1994,7,1,1990s,sad
if you want to leave i wont beg you to stay and if you gotta go darling maybe its better that way im gonna be strong im gonna do fine dont worry about this heart of mine just walk out that door see if i care go on and go now butdont turn around cause youre gonna see my heart breakingdont turn around i dont want you seeing me cry just walk away its tearing me apart that youre leaving im letting you go but i wont let you know i wont let you know i wont miss your arms around me holding me tight and if you ever think about me just know that ill be alright im gonna be strong im gonna do fine dont worry about this heart of mine i will survive ill make it through ill even learn to live without youdont turn around cause youre gonna see my heart breaking dont turn around i dont want you seeing me cry just walk away its tearing me apart that youre leaving im letting you go but i wont let you knowi wish i could scream out loud that i love you i wish i could say to you dont goas he walks away he feels the pain getting strong people in your life they dont know whats going on too proud to turn around hes gonedont turn around cause youre gonna see my heart breaking dont turn around i dont want you seeing me cry just walk away its tearing me apart that youre leaving im letting you go baby dont turn around dont turn around just walk away its tearing me apart that youre leaving im letting you go dont turn around,dont turn around,ace of base,1994,10,1,1990s,sad
creep oh ah oh ah oh ah yeah creep oh ah oh ah oh ah yeahcreep oh ah oh ah oh ah yeah creep oh ah oh ah oh ah yeahthe twenty second of loneliness and weve been through so many things i love my man with all honesty but i know hes cheating on me look him in the eyes but all he tells me is lies to keep me nearill never leave him down though i might mess around its only cause i need some affection oh so i creep yeah just creepin on on the down low cept nobody is supposed to know so i creep yeah cause he doesnt know what i do and no attention goes to show ohso i creep the twenty third of loneliness and we dont talk like we used to do now this is pretty strange but im not buggin cause i still feel the same i keep giving loving till the day he pushes me away never go a strayif he knew the things i did he couldnt handle me and i choose to keep him protected oh so i creep yeah just creepin on but ill know cept nobody is supposed to know so i creep yeah cause he doesnt know what i do and no attention goes to show ohso i creep yeah just creepin on but ill know cept nobody is supposed to know so i creep yeah cause he doesnt know what i do and no attention goes to showso i creep oh ah oh ah oh ah yeah so i creep oh ah oh ah oh ah yeah so i creep oh ah oh ah oh ah yeah baby oh ah oh ah oh ah yeahso i creep yeah just creepin on but ill knowso i creep yeah cause he doesnt know what i do and no attention goes to show so i creep yeah just creepin on but ill know so i creep yeah cause he doesnt know what i do so i creep cept nobody is supposed to know,creep,tlc,1995,3,1,1990s,sad
take a bow the night is over this masquerade is getting older light are low the curtains down theres no one here theres no one here theres no one in the crowdsay your lines but do you feel them do you mean what you say when theres no one around no one around watching you watching me one lonely star one lonely star you dont know who you areive always been in love with you always with you i guess youve always known its true you know its true you took my love for granted why oh why the show is over say goodbyesay goodbye bye bye say goodbyemake them laugh it comes so easy when you get to the part where youre breaking my heart breaking my heart hide behind your smile all the world loves a clown just make em smile the whole world loves a clown wish you well i cannot stay you deserve an award for the role that you played role that you played no more masquerade youre one lonely star one lonely star and you dont know who you areive always been in love with you always with you i guess youve always known its true you know its true you took my love for granted why oh why the show is over say goodbyeive always been in love with you always with you i guess youve always known its true you know its true you took my love for granted why oh why the show is over say goodbyesay goodbye bye bye say goodbyeall the world is a stage world is a stage and everyone has their part has their part but how was i to know which way the storyd go how was i to know youd break youd break youd break youd break youd break my heartive always been in love with you ive always been in love with you guess youve always known you took my love for granted why oh why the show is over say goodbyeive always been in love with you always with you i guess youve always known its true you know its true you took my love for granted why oh why the show is over say goodbyesay goodbye bye bye say goodbye say goodbye,take a bow,madonna,1995,8,1,1990s,sad
we dont even talk anymore and we dont even know what we argue about dont even say i love you no more cause saying how we feel is no longer allowedsome people will work things out and some just dont know how to changelets not wait till the water runs dry we might watch our whole lives pass us by lets not wait till the water runs dry well make the biggest mistake of our lives dont do it babynow they can see the tears in our eyes yeah but we deny the pain that lies deep in our hearts well maybe thats a pain we cant hide cause everybody knows that were both torn apartwhy do we hurt each other why do we push love awaylets not wait till the water runs dry we might watch our whole lives pass us by lets not wait till the water runs dry well make the biggest mistake of our lives dont do it babysome people will work things out and some just dont know how to changelets not wait till the water runs dry we might watch our whole lives pass us by lets not wait till the water runs dry well make the biggest mistake of our lives dont do it baby,water runs dry,boyz ii men,1995,12,1,1990s,sad
sorry i never told you all i wanted to say now its too late to hold you cause youve flown away so far awaynever had i imagined living without your smile feeling and knowing you hear me it keeps me alive aliveand i know youre shining down on me from heaven like so many friends weve lost along the way and i know eventually well be together one sweet daydarling i never showed you assumed youd always be there i i took your presence for granted but i always cared and i miss the love we sharedand i know youre shining down on me from heaven like so many friends weve lost along the way and i know eventually well be together one sweet dayalthough the sun will never shine the same ill always look to a brighter daylord i know when i lay me down to sleep you will always listen as i prayand i know youre shining down on me from heaven like so many friends weve lost along the way and i know eventually well be together one sweet dayand i know youre shining down on me from heaven like so many friends weve lost along the way and i know eventually well be together one sweet daysorry i never told you all i wanted to say,one sweet day,mariah carey and boyz ii men,1996,2,1,1990s,sad
wish id told her how i felt then maybe shed be here right now but instead i pretended im glad you went away these four walls closing more everyday and im dyin inside and nobody knows it but me like a clown i put on a show the pain is real even if nobody knows and im cryin inside and nobody knows it but me why didnt i say the things i needed to say how could i let my angel get away now my world is just a tumblin down i can say it so clearly but youre nowhere around the nights are lonely the days are so sad and i just keep thinkin about the love that we had and im missin you and nobody knows it but me i carry a smile when im broken in two and im nobody without someone like you im tremblin inside and nobody knows it but me i lie awake its a quarter past three im screamin at night if i thought youd hear me yeah my heart is callin you and nobody knows it but me how blue can i get you could ask my heart but like a jigsaw puzzle its been torn all apart a million words couldnt say just how i feel a million years from now you know ill be lovin you still the nights are lonely the days are so sad and i just keep thinkin about the love that we had and im missin you and nobody knows it but me yeah ohh uhh whoa omm nobody nobody but me tomorrow morning im hittin the dusty road gonna find you wherever ever you might go and im gonna unload my heart and hope you come back to me yeah sad when the nights are lonely the nights are lonely the days are so sad and i just keep thinkin about the love that we had and im missin you and nobody knows it but me,nobody knows,the tony rich project,1996,4,3,1990s,sad
give me one reason to stay here and ill turn right back around give me one reason to stay here and ill turn right back around said i dont want leave you lonely you got to make me change my mindbaby i got your number oh and i know that you got mine but you know that i called you i called too many times you can call me baby you can call me anytime but you got to call megive me one reason to stay here and ill turn right back around give me one reason to stay here and ill turn right back around said i dont want leave you lonely you got to make me change my mindi dont want no one to squeeze me they might take away my life i dont want no one to squeeze me they might take away my life i just want someone to hold me oh and rock me through the nightthis youthful heart can love you yes and give you what you need i said this youthful heart can love you oh and give you what you need but im too old to go chasing you around wasting my precious energygive me one reason to stay here yes and ill turn right back around give me one reason to stay here oh and ill turn right back around said i dont want leave you lonely you got to make me change my mindbaby just give me one reason oh give me just one reason why baby just give me one reason oh give me just one reason why i should stay said i told you that i loved you and there aint no more to say,give me one reason,tracy chapman,1996,6,1,1990s,sad
yo after tonight dont leave your girl around me true playa fo real ask my nigga pharrell uhcmon thats how its going down you smell it yeah you smell ityeah uh dont leave your girl around me true playa fo real ask my nigga pharrell uh let em knowsituations will arise in our lives but u gotta to be smart about it celebrations with the guys i sacrificed cause i knew u could not sleep without it meanwhile i i i loved u u were my girl u see i i thought the world of u but youre still steady leavin babyu dont have to call its okay girl cause imma be alright tonightu dont have to call its okay girl cause imma be alright tonightaw girl your face is sayin why tears in eyes shouldve been more smart about it shouldve cherished me listenin to friends now its the end then again no story can end without it damn right i loved u you were my girl u see i i thought the world of u but youre still steady leavin baby yeah yeahu dont have to call its okay girl cause imma be alright tonightu dont have to call its okay girl cause imma be alright tonightgonna boogie tonight cause im honestly too young of a guy to stay home waitin for love so tonight im gonna do what a single man does and thats party oh yeah oh nou dont have to call you dont care to call its okay girl its okay girl cause im a be alright tonight im a be alrightu dont have to call u aint have to call its okay girl im okay girl cause im a be alright tonight tonight im goin out with my niggasu dont have to call its okay girl im alright girl cause im a be alright tonight im alrightgonna boogie tonight cause im honestly too young of a guy to stay home waitin for love so tonight im gonna do what a single man doesu dont have to call and thats party its okay girl cause im a be alright tonightu dont have to call its okay girl its okay imma be alright cause im a be alright tonightu dont have to call its okay girl its okay girl cause im a be alright tonight sick and tired of being at home imma have me some funu dont have to call hey hey yeah its okay girl its okay its okay its okay its alright cause im a be alright tonight im not waiting at home for you bye bye,u dont have to call,usher,2002,16,1,2000s,confident
i dont give a fuck about your faults or mishappens nigga we from the bronx new york shit happens kids clappin love to spark the place half the niggas in the squad got a scar on their face its a cold world and this is ice half a mill for the charm nigga this is life got the phantom in front of the building trinity ave ten years been legit they still figure me bad as a youngn was too much to cope with why you think mufuckers nicknamed me cook coke shit shoulda been called armed robbery extortion or maybe grand larceny i did it all i put the pieces to the puzzle just as long i knew me and my peoples was gon bubble came out the gate on some flojo shit fat nigga with the shotty with the logo kidsaid my niggas dont dance we just pull up our pants and do the rockaway now lean back lean back lean back lean back i said my niggas dont dance we just pull up our pants and do the rockaway now lean back lean back lean back lean backr to the ezzy m to the yzzy my arms stay breezy the don stay flizzy got a date at 8 im in the 74fizzive and i just bought a bike so i can ride till i die with a matchin jacket bout to cop me a mansion my niggas in the club but you know they not dancin we gangsta and gangstas dont dance with boogies so never mind how we got in here with burners and hoodies listen we dont pay admission and the bouncers dont check us and we walk around the metal detectors and there really aint a need for a vip section in the middle of the dance floor reckless check it said he liked my necklace started relaxin now thats what the fuck i call a chain reaction see money aint a thing nigga we still the same niggas flows just changed now we bout to change the game niggasaid my niggas dont dance we just pull up our pants and do the rockaway now lean back lean back lean back lean back i said my niggas dont dance we just pull up our pants and do the rockaway now lean back lean back lean back lean back,lean back,terror squad,2004,10,1,2000s,confident
im feelin sexy i wanna hear you say my name boy if you can reach me you can feel my burning flame im feelin kind of nasty i might just take you home with me baby the minute i feel your energy your vibes just taken over me start feelin so crazy babe i feel the funk coming over me i dont know whats gotten into me the rhythms got me feelin so crazy babe tonight ill be your naughty girl im callin all my girls were gonna turn this party out i know you want my body tonight ill be your naughty girl im callin all my girls i see you look me up and down and i came to party youre so sexy tonight i am all yours boy the way your body moves across the floor you got me feelin nasty i might just take you home with me baby the minute i feel your energy the vibes just taken over me start feelin so crazy babe i feel the funk coming over me i dont know whats gotten into me the rhythms got me feelin so crazy babe tonight ill be your naughty girl im callin all my girls were gonna turn this party out i know you want my body tonight ill be your naughty girl im callin all my girls i see you look me up and down and i came to party i love to love you baby i love to love you baby i love to love you baby i love to love you baby tonight ill be your naughty girl im callin all my girls were gonna turn this party out i know you want my body tonight ill be your naughty girl im callin all my girls i see you look me up and down and i came to party repeat to end,naughty girl,beyonce,2004,18,3,2000s,confident
says he wants you he says he needs you its real talking why not make him wait for you if he really wants you if he really needs you really got to have you take your time and feel him out when its a good boy i mean a really really good boy why not let him lay with you thats when you give it to him gooddip it low pick it up slow roll it all around poke it out like your back broke pop pop pop that thing ima show you how to make your man say ooh dip it low pick it up slow roll it all around poke it out like your back broke pop pop pop that thing ima show you how to make your man say oohyou getting bold he growin cold its just the symptoms of young love growin old you think its time and your thinking of leaving but give it time its late at night hes coming home meet him at the door with nothin on take him by the hair let him know whats on if you understand me yall come onall my ladies wind it up if you know just how to move move all my fellas jump behind and show her what you want to do show her what you got daddyall my ladies wind it up if you know just how to move all my fellas jump behind and show her what you want to do oh whoa ohdip it low pick it up slow roll it all around poke it out like your back broke pop pop pop that thing ima show you how to make your man say ooh dip it low pick it up slow roll it all around poke it out like your back broke pop pop pop that thing ima show you how to make your man say oohwe can move if you want towe can move if you want towe can move if you want towe can movedip it low pick it up slow roll it all around poke it out like your back broke pop pop pop that thing ima show you how to make your man say ooh dip it low pick it up slow roll it all around poke it out like your back broke pop pop pop that thing ima show you how to make your man say oohdip it low pick it up slow roll it all around poke it out like your back broke pop pop pop that thing ima show you how to make your man say ooh dip it low pick it up slow roll it all around poke it out like your back broke pop pop pop that thing ima show you how to make your man say ooh,dip it low,christina milian,2004,23,1,2000s,confident
ooh this my shit all the girls stamp your feet like thisfew times ive been around that track so its not just gonna happen like that cause i aint no hollaback girl i aint no hollaback girlfew times ive been around that track so its not just gonna happen like that cause i aint no hollaback girl i aint no hollaback girlthis my shit this my shit this my shit this my shit this my shit this my shit this my shit this my shiti heard that you were talking shit and you didnt think that i would hear it people hear you talking like that getting everybody fired up so im ready to attack gonna lead the pack gonna get a touchdown gonna take you out thats right put your pompoms down getting everybody fired upfew times ive been around that track so its not just gonna happen like that cause i aint no hollaback girl i aint no hollaback girlfew times ive been around that track so its not just gonna happen like that cause i aint no hollaback girl i aint no hollaback girlthis my shit this my shit this my shit this my shit this my shit this my shit this my shit this my shitso thats right dude meet me at the bleachers no principals no studentteachers both of us wanna be the winner but there can only be one so im gonna fight gonna give it my all gonna make you fall gonna sock it to ya thats right im the last one standing and another one bites the dustfew times ive been around that track so its not just gonna happen like that cause i aint no hollaback girl i aint no hollaback girlfew times ive been around that track so its not just gonna happen like that cause i aint no hollaback girl i aint no hollaback girlthis my shit this my shit this my shit this my shit this my shit this my shit this my shit this my shitlet me hear you say this shit is bananas bananas this shit is bananas bananas again this shit is bananas bananas this shit is bananas bananasfew times ive been around that track so its not just gonna happen like that cause i aint no hollaback girl i aint no hollaback girlfew times ive been around that track so its not just gonna happen like that cause i aint no hollaback girl i aint no hollaback girlthis my shit this my shit this my shit this my shit this my shit this my shit this my shit this my shit,hollaback girl,gwen stefani,2005,2,1,2000s,confident
heres the thing we started out friends it was cool but it was all pretend yeah yeah since you been goneyoure dedicated you took the time wasnt long till i called you mine yeah yeah since you been goneand all youd ever hear me say is how i picture me with you thats all youd ever hear me saybut since you been gone i can breathe for the first time im so moving on yeah yeah thanks to you now i get what i want since you been gonehow can i put it you put me on i even fell for that stupid love song yeah yeah since you been gonehow come ive never heard you say i just want to be with you guess you never felt that waybut since you been gone i can breathe for the first time im so moving on yeah yeah thanks to you now i get what i want since you been goneyou had your chance you blew it out of sight out of mind shut your mouth i just cant take it again and again and again and againsince you been gone since you been gone i can breathe for the first time im so moving on yeah yeah thanks to you thanks to you now i get i get what i wanti can breathe for the first time im so moving on yeah yeah thanks to you thanks to you now i get i get you should know you should know that i get i get what i want since you been gone since you been gone since you been gone,since u been gone,kelly clarkson,2005,4,1,2000s,confident
the pussycat dolls miscellaneous dont cha i know you like me i know you do thats why whenever i come around shes all over you i know you want it its easy to see and in the back of your mind i know you should be all with me chorusdont cha wish your girlfriend was hot like me dont cha wish your girlfriend was a freak like me dont cha dont cha wish your girlfriend was wrong like me dont cha wish your girlfriend was fun like me dont cha fight the feeling leave it alone cuz if it aint love it just aing enough to leave a happy home lets keep it friendly you have to play see i dont care but i know she aint gon wanna share dont cha wish your girlfriend was hot like me dont cha wish your girlfriend was a freak like me dont cha dont cha wish your girlfriend was wrong like me dont cha wish your girlfriend was fun like me dont cha i know im on your mind i know wed have a good time im your friend im fun and im fine i aint lyin look at me you aint lyin repeat chorus,dont cha,the pussycat dolls featuring busta rhymes,2005,9,3,2000s,confident
youve been waiting so long im here to answer your call i know that i shouldnt have had you waiting at all ive been so busy but ive been thinking bout what i wanna do wit you i know them other guys theyve been talking bout the way i do what i do they heard i was good they wanna see if its true they know youre the one i wanna give it to i can see you want me too now its me u its me u now ive been waiting waitin think im gonna make that move now baby tell me if you like it tell me if you like it its me u now ive been waitin think im gonna make that move now baby tell me how you like it i was waitin for you to tell me you were ready i know what to do if only you would let me as long as youre cool with it ill treat ya right here is where you wanna be i know them other guys theyve been talkin bout the way i do what i do they heard i was good they wanna see if its true they know youre the one i wanna give it to i can see you want me too and now its me u its me u now baby its ive been waitin me u think im gonna make that move now im thinkin bout making that move baby tell me if you like it tell me if you like it its me u now uh huh hey ive been waitin think im gonna make that move now gonna make a move baby tell me how you like it baby ill love you all the way down get you right where you like it i promise youll like it i swear just relax and let me make that move its our secret babe well keep it between me u its me u now oh yeah yeah ive been waitin think im gonna make that move now move now baby tell me if you like it tell me if you like it its me u now ive been waitin think im gonna make that move now gonna make a move now baby tell me how you like it its me u now me u ive been waitin its just me u think im gonna make that move now its just us two baby tell me if you like it its just me and you now its me u now ive been waitin ive been waitin think im gonna make that move now gonna make a move now baby tell me how you like it,me u,cassie,2006,14,3,2000s,confident
this a nitty beat boinghere we go again ghetto ville usa uh oh you know i got by the name nitty right uh huh i gotta introduce you to another motherfucker out my squad right who dis nigga man dis nigga go by the name of joc joc he resides in college park college park but for right now what we gotta do for yall what we gonna do we gotta give yall a hit huhniggaz in my face damn near er day askin a million questions like joc where ya stay tell em college park where they chop cars eat twenty grand spend a grand at the bar just bought a zone jays on my feet im on that patron so get like me 69 cutlass wit the bucket seats beat in my trunk bought it just for the freaks catch me in the hood posted at the sto pistol in my lap on the phone countin dough if a girl choose let her do her thang just like her mama and i aint sayin the name brain erybody love me im so fly niggaz throw the duces erytime i ride by i know ya wonder why im so cool dont ask me just do what cha do okaychorus x2 meet me in the trap its goin down meet me in the mall its goin down meet me in the club its goin down anywhere ya meet me guaranteed to go downverse numba two do the damn thang cubes on my neck pockets full of ben franks when im in the mall hoes just pause i pop a few tags give me that on the wall time to flip the work make the block bump boys in the hood call me black donald trump dope boy magic seven days a week numba one record long as nitty on the beat oh i think they like me betta yet i know lights camera action when i walk through the door niggaz know my crew we certified stars valet in the front bout thirtyfive cars bitches in the back black beamer coups girls like girls time to recruit if ya got a problem say it to my face we can knuckle up any time any placechorus x2time to set it off let these niggas know have ya every seen a chevy wit the butterfly doors i ride real slow no need to speed gotta make sure ya see the buckets on my feet feds on my trail but they dont think i know i keep my hands clean cause i never touch dope every time i see em look em in the eye ask me how i know its me suprise put it in the air rep where ya stay take a step back blow the kush in they face stuntin is a habit let em see the karats im a make it rain nigga i aint scared to share itchorus x2yung joc nitty strikes again this a nitty beat playmaker,its goin down,yung joc featuring nitti,2006,18,1,2000s,confident
oh shit oh shit oh shit oh shit oh shit oh shit oh shit oh shit oh shit are you ready for this oh shit oh shit oh shit oh its me fergie the p polow fergie ferg whats up babywhen i come to the club step aside oh shit pop the seats dont be hating me in the line oh shit vip cause you know i gotta shine oh shit im fergie ferg and me love you long time oh shitall my girls get down on the floor oh shit back to back drop it down real low oh shit im such a lady but im dancing like a ho oh shit cause you know i dont give a fuck so here we go oh shithow come every time you come around my london london bridge wanna go down like london london london wanna go down like london london london be going down likehow come every time you come around my london london bridge wanna go down like london london london wanna go down like london london london be going down likethe drinks start pouring and my speech starts slurring everybody start looking real goodthe gray goose got your girl feeling loose now im wishing that i didnt wear these shoes i hate heels it like every time i get up on the dude paparazzi put my business in the news better get up out my face oh shit before i turn around and spray your ass with mace oh shit my lips make you wanna have a taste oh shit you got that ive got the basshow come every time you come around my london london bridge wanna go down like london london london wanna go down like london london london be going down likehow come every time you come around my london london bridge wanna go down like london london london wanna go down like london london london be going down likehey london atl cali collabo fergie and polowhen i come to the club step aside oh shit pop the seats dont be hating me in the line oh shit vip cause you know ive gotta shine oh shit im fergie ferg and me love you long time oh shitall my girls get down on the floor oh shit back to back drop it down real low oh shit im such a lady but im dancing like a ho oh shit cause you know i dont give a fuck so here we go oh shithow come every time you come around my london london bridge wanna go down like london london london wanna go down like london london london be going down likehow come every time you come around my london london bridge wanna go down like london london london wanna go down like london london london be going down likefuck you bitches,london bridge,fergie,2006,22,1,2000s,confident
ladies and gentleman ladies and gentleman this is a jazze phizal jazze phizal productshizzle missy missy the princess is here shes here ciarathis beat is automatic supersonic hypnotic funky fresh work my body so melodic this beat flows right through my chesteverybody ma and poppy came to party grab somebody work your body work your body let me see you 12 steprock it dont stop it everybody get on the floor wake the party up we about to get it onlet me see ya 12 step i love it when ya 12 step everybody 12 step we about to get it on this beat isoutrageous so contagious make you crave it jazze made it so retarded top charted ever since the day i startedstrut my stuff and yes i flaunt it goodies make the boys jump on it no i cant control myself now let me do my 12 step cmonrock it dont stop it everybody get on the floor wake the party up we about to get it onlet me see ya 12 step i love it when ya 12 step everybody 12 step we about to get it on we goin to step it like this ooh weeit dont matter to me we can dance slow ladies and gentleman whichever way the beat drop our bodies will go i like thisso swing it over here mr dj hey hey and we will we will rock youit dont matter to me we can dance slow dance slow yeah whichever way the beat drop our bodies will goso swing it over here mr dj ladies and gentleman and we will we will rock you lets shakei shake it like jello and make the boys say hello cause they know im rockin the beat rocking the beati know you heard about a lot of great mcs but they aint got nothing on me nothing on me because im 5 foot 2 i wanna dance with you and im sophisticated funi eat filet mignon and im nice and young best believe im number one woorock it dont stop it everybody get on the floor wake the party up we about to get it on cmonlet me see ya 12 step i love it when ya 12 step everybody 12 step we about to get it onrock it dont stop it everybody get on the floor wake the party up we about to get it onlet me see ya 12 step i love it when ya 12 step everybody 12 step we about to get it onthis is for the hearing impaired a jazze pha production ooh wee ooh wee,1 2 step,ciara and missy elliott,2005,5,1,2000s,happy
closed off from love i didnt need the pain once or twice was enough but it was all in vain time starts to pass before you know it youre frozen but something happened for the very first time with you my heart melts into the ground found something true and everyones looking round thinking im going crazybut i dont care what they say im in love with you they try to pull me away but they dont know the truth my hearts crippled by the vein that i keep on closing you cut me open and ikeep bleeding keep keep bleeding love i keep bleeding i keep keep bleeding love keep bleeding keep keep bleeding love you cut me opentrying hard not to hear but they talk so loud their piercing sounds fill my ears try to fill me with doubt yet i know that the goal is to keep me from falling but nothings greater than the rush that comes with your embrace and in this world of loneliness i see your face yet everyone around me thinks that im going crazy maybe maybebut i dont care what they say im in love with you they try to pull me away but they dont know the truth my hearts crippled by the vein that i keep on closing you cut me open and ikeep bleeding keep keep bleeding love i keep bleeding i keep keep bleeding love keep bleeding keep keep bleeding love you cut me openand its draining all of me oh they find it hard to believe ill be wearing these scars for everyone to seei dont care what they say im in love with you they try to pull me away but they dont know the truth my hearts crippled by the vein that i keep on closing you cut me open and ikeep bleeding keep keep bleeding love i keep bleeding i keep keep bleeding love keep bleeding keep keep bleeding love oh you cut me open and ikeep bleeding keep keep bleeding love i keep bleeding i keep keep bleeding love keep bleeding keep keep bleeding love oh you cut me open and ikeep bleeding keep keep bleeding love,bleeding love,leona lewis,2008,2,1,2000s,happy
one two three four hey eh forever hey eh foreverits you and me movin at the speed of light into eternity yeah tonight is the night to join me in the middle of ecstasy feel the melody and the rhythm of the music around you around youima take you there ima take you there so dont be scared im right here baby we can go anywhere go anywhere but first its your chance take my hand come with meits like i waited my whole life for this one night its gon be me you and the dance floor cause we only got one night double your pleasure double you fun and dance forever ever ever forever ever ever forever ever ever forever forever ever ever ever forever ever ever forever ever ever forever on the dance floorfeels like were on another level feels like our loves intertwine we can be two rebels breakin the rules me and you you and i all you gotta do is watch me look what i can do with my feet baby feel the beat inside im drivin you could take the front seat front seat just need you to trust me trust me girl girl girl its like nowits like i waited my whole life for this one night its gon be me you and the dance floor cause we only got one night double your pleasure double you fun and dance forever ever ever forever ever ever forever ever ever forever forever ever ever ever forever ever ever forever ever ever forever on the dance floorits a long way down we so high off the ground sendin for an angel to bring me your heart girl where did you come from got me so undone gazin in your eyes got me sayin what a beautiful lady no ifs ands or maybes im releasin my heart and its feelin amazing theres no one else that matters you love me and i wont let you fall girl let you fall girl yeah i wont let you fall let you fall let you fall yeah yeah yeah yeahits like i waited my whole life for this one night its gon be me you and the dance floor cause we only got one night double your pleasure double you fun and dance forever ever ever forever ever ever forever ever ever forever forever ever ever ever forever ever ever forever ever ever forever on the dance flooroh oh oh oh oh oh oh yeah forever ever ever ever forever ever oh,forever,chris brown,2008,10,1,2000s,happy
this was never the way i planned not my intention i got so brave drink in hand lost my discretion its not what im used to just wanna try you on im curious for you caught my attentioni kissed a girl and i liked it the taste of her cherry chap stick i kissed a girl just to try it i hope my boyfriend dont mind it it felt so wrong it felt so right dont mean im in love tonight i kissed a girl and i liked it i liked itno i dont even know your name it doesnt matter youre my experimental game just human nature its not what good girls do not how they should behave my head gets so confused hard to obeyi kissed a girl and i liked it the taste of her cherry chap stick i kissed a girl just to try it i hope my boyfriend dont mind it it felt so wrong it felt so right dont mean im in love tonight i kissed a girl and i liked it i liked itus girls we are so magical soft skin red lips so kissable hard to resist so touchable too good to deny it aint no big deal its innocenti kissed a girl and i liked it the taste of her cherry chap stick i kissed a girl just to try it i hope my boyfriend dont mind it it felt so wrong it felt so right dont mean im in love tonight i kissed a girl and i liked it i liked it,i kissed a girl,katy perry,2008,14,1,2000s,happy
please dont stop the music music music please dont stop the music music music please dont stop the music music music please dont stop the music music musicits getting late im making my way over to my favorite place i gotta get my body moving shake the stress away i wasnt looking for nobody when you looked my way possible candidate yeahwho knew that youd be up in here looking like you do youre makin staying over here impossible baby im a say your aura is incredible if you dont have to go dontdo you know what you started i just came here to party but now were rockin on the dance floor actin naughty your hands around my waist just let the music play were hand in hand chest to chest and now were face to facei wanna take you away lets escape into the music dj let it play i just cant refuse it like the way you do this keep on rockin to it please dont stop the please dont stop the music i wanna take you away lets escape into the music dj let it play i just cant refuse it like the way you do this keep on rockin to it please dont stop the please dont stop the please dont stop the musicbaby are you ready cause its gettin cold dont you feel the passion ready to explode what goes on between us no one has to know this is a private showdo you know what you started i just came here to party but now were rockin on the dance floor actin naughty your hands around my waist just let the music play were hand in hand chest to chest and now were face to facei wanna take you away lets escape into the music dj let it play i just cant refuse it like the way you do this keep on rockin to it please dont stop the please dont stop the music i wanna take you away lets escape into the music dj let it play i just cant refuse it like the way you do this keep on rockin to it please dont stop the please dont stop the please dont stop the musicplease dont stop the musicplease dont stop the music music musicplease dont stop the music music musici wanna take you away lets escape into the music dj let it play i just cant refuse it like the way you do this keep on rockin to it please dont stop the please dont stop the music i wanna take you away lets escape into the music dj let it play i just cant refuse it like the way you do this keep on rockin to it please dont stop the please dont stop the please dont stop the musicplease dont stop the musicplease dont stop the music music musicplease dont stop the music music music music music music music,dont stop the music,rihanna,2008,17,1,2000s,happy
i got a pocket got a pocketful of sunshine i got a love and i know that its all mine oh oh whoado what you want but youre never gonna break me sticks and stones are never gonna shake me no oh whoatake me away take me away a secret place a secret place a sweet escape a sweet escape take me away take me awaytake me away take me away to better days to better days take me away take me away a hiding place a hiding placei got a pocket got a pocketful of sunshine i got a love and i know that its all mine oh oh whoado what you want but youre never gonna break me sticks and stones are never gonna shake me no oh whoai got a pocket got a pocketful of sunshine i got a love and i know that its all mine oh oh whoawish that you could but you aint gonna own me do anything you can to control me oh oh notake me away take me away a secret place a secret place a sweet escape a sweet escape take me away take me awaytake me away take me away to better days to better days take me away take me away a hiding place a hiding placetheres a place that i go that nobody knows where the rivers flow and i call it homeand theres no more lies in the darkness theres light and nobody cries theres only butterfliestake me away take me away a secret place a secret place a sweet escape a sweet escape take me away take me awaytake me away take me away to better days to better days take me away take me away a hiding place a hiding placetake me away take me away a secret place a secret place a sweet escape a sweet escape take me away take me awaytake me away take me away to better days to better days take me away take me away a hiding place a hiding placetake me away take me away a secret place a secret place a sweet escape a sweet escape take me away take me awaytake me away take me away to better days to better days take me away take me away a hiding place a hiding placethe sun is on my side take me for a ride i smile up to the sky i know ill be all rightthe sun is on my side take me for a ride i smile up to the sky i know ill be all right,pocketful of sunshine,natasha bedingfield,2008,18,1,2000s,happy
guess this means youre sorry youre standing at my door guess this means you take back all you said before like how much you wanted anyone but me said youd never come back but here you are againcause we belong together now yeah forever united here somehow yeah you got a piece of me and honestly my life my life would suck would suck without youmaybe i was stupid for telling you goodbye maybe i was wrong for tryin to pick a fight i know that ive got issues but youre pretty messed up too either way i found out im nothing without youcause we belong together now yeah forever united here somehow yeah you got a piece of me and honestly my life my life would suck would suck without youbeing with you is so dysfunctional i really shouldnt miss you but i cant let you go oh yeahcause we belong together now yeah yeah forever united here somehow yeah you got a piece of me and honestly my life my life would suck would suck without youcause we belong yeah together now together now yeah forever united here somehow yeah you got a piece of me and honestly my life my life would suck would suck without you,my life would suck without you,kelly clarkson,2009,23,1,2000s,happy
remember those walls i built well baby theyre tumbling down and they didnt even put up a fight they didnt even make up a soundi found a way to let you in but i never really had a doubt standing in the light of your halo i got my angel nowits like ive been awakened every rule i had you breakin its the risk that im takin i aint never gonna shut you outeverywhere im looking now im surrounded by your embrace baby i can see your halo you know youre my saving graceyoure everything i need and more its written all over your face baby i can feel your halo pray it wont fade awayi can feel your halo halo halo i can see your halo halo halo i can feel your halo halo halo i can see your halo halo halohit me like a ray of sun burning through my darkest night youre the only one that i want think im addicted to your lighti swore id never fall again but this dont even feel like falling gravity cant forget to pull me back to the ground againfeels like ive been awakened every rule i had you breakin the risk that im takin im never gonna shut you outeverywhere im looking now im surrounded by your embrace baby i can see your halo you know youre my saving graceyoure everything i need and more its written all over your face baby i can feel your halo pray it wont fade awayi can feel your halo halo halo i can see your halo halo halo i can feel your halo halo halo i can see your halo halo haloi can feel your halo halo halo i can see your halo halo halo i can feel your halo halo halo i can see your halo halo halo halo haloeverywhere im looking now im surrounded by your embrace baby i can see your halo you know youre my saving graceyoure everything i need and more its written all over your face baby i can feel your halo pray it wont fade awayi can feel your halo halo halo i can see your halo halo halo i can feel your halo halo halo i can see your halo halo haloi can feel your halo halo halo i can see your halo halo halo i can feel your halo halo halo i can see your halo halo halo,halo,beyonce,2009,24,1,2000s,happy
i hopped off the plane at lax with a dream and my cardigan welcome to the land of fame excess whoa am i gonna fit in jumped in the cab here i am for the first time look to my right and i see the hollywood signthis is all so crazy everybody seems so famous my tummys turnin and im feelin kinda homesick too much pressure and im nervous thats when the taxi man turned on the radioand the jayz song was on and the jayz song was on and the jayz song was onso i put my hands up theyre playin my song the butterflies fly away im noddin my head like yeah movin my hips like yeahgot my hands up theyre playin my song and now im gonna be okay yeah its a party in the usa yeah its a party in the usaget to the club in my taxi cab everybodys lookin at me now like whos that chick thats rockin kicks shes gotta be from out of townso hard with my girls not around me its definitely not a nashville party cause all i see are stilettos i guess i never got the memomy tummys turnin and im feelin kinda homesick too much pressure and im nervous thats when the dj dropped my favorite tuneand the britney song was on and the britney song was on and the britney song was onso i put my hands up theyre playin my song the butterflies fly away im noddin my head like yeah movin my hips like yeahgot my hands up theyre playin my song and now im gonna be okay yeah its a party in the usa yeah its a party in the usafeel like hoppin on a flight on a flight back to my hometown tonight town tonight something stops me every time every time the dj plays my song and i feel alrightso i put my hands up theyre playin my song the butterflies fly away im noddin my head like yeah movin my hips like yeahgot my hands up theyre playin my song and now im gonna be okay yeah its a party in the usa yeah its a party in the usaso i put my hands up theyre playin my song the butterflies fly away im noddin my head like yeah movin my hips like yeahgot my hands up theyre playin my song and now im gonna be okay yeah its a party in the usa yeah its a party in the usa,party in the usa,miley cyrus,2009,29,1,2000s,happy
you gotta help me out its all a blur last night we need a taxi cause youre hungover and im broke i lost my fake id but you lost the motel key spare me your freakin dirty looks now dont blame me you roll the cash out and get the hell out of towndont be a baby remember what you told me shut up and put your money where your mouth is thats what you get for waking up in vegas get up and shake the glitter off your clothes now thats what you get for waking up in vegaswhy are these lights so bright oh did we get hitched last night dressed up like elvis why am i wearing your class ring dont call your mother cause now were partners in crimedont be a baby remember what you told me shut up and put your money where your mouth is thats what you get for waking up in vegas get up and shake the glitter off your clothes now thats what you get for waking up in vegasyou got me into this information overload situation lost control send out an sos and get some cash out were gonna tear up the towndont be a baby remember what you told me remember what you told me remember what you told me told me you told me you told me shut up and put your money where your mouth is thats what you get for waking up in vegasget up and shake the glitter off your clothes now thats what you get for waking up in vegas thats what you get baby shake the glitter shake shake shake the glitter give me some cash out baby give me some cash out baby,waking up in vegas,katy perry,2009,36,1,2000s,happy
making my way down town walking fast faces pass and im home boundstaring blankly ahead just making my way making a way through the crowdand i need you and i miss you and now i wonder if i could fall into the sky do you think time would pass me by cause you know id walk a thousand miles if i could just see you tonightits always times like these when i think of you and i wonder if you ever think of mecause everythings so wrong and i dont belong living in your precious memorycause i need you and i miss you and now i wonder if i could fall into the sky do you think time would pass me by oh cause you know id walk a thousand miles if i could just see you tonightand i i dont want to let you know i i drown in your memory i i dont want to let this go ii dontmaking my way down town walking fast faces pass and im home boundstaring blankly ahead making my way making a way through the crowdand i still need you and i still miss you and now i wonder if i could fall into the sky do you think time would pass us by cause you know id walk a thousand miles if i could just see you nowif i could fall into the sky do you think time would pass me by cause you know id walk a thousand miles if i could just see you if i could just hold you tonight,a thousand miles,vanessa carlton,2002,6,1,2000s,reflective
it starts with one thing i dont know why it doesnt even matter how hard you try keep that in mind i designed this rhyme to explain in due time all i know time is a valuable thing watch it fly by as the pendulum swings watch it count down to the end of the day the clock ticks life awayits so unreal didnt look out below watch the time go right out the window trying to hold on but you didnt even know i wasted it all just to watch you go i kept everything inside and even though i tried it all fell apart what it meant to me will eventually be a memory of a time when meaning byamandah editor youtuber the unusual suspect created one of the best videos weve seen in recent years clips from 183 movies singing linkin parks in the end seriously if see all i tried so hard and got so far but in the end it doesnt even matter i had to fall to lose it all but in the end it doesnt even matterone thing i dont know why it doesnt even matter how hard you try keep that in mind i designed this rhyme to remind myself of a time when i tried so hard in spite of the way you were mocking me acting like i was part of your property remembering all the times you fought with me im surprised it got so things arent the way they were before you wouldnt even recognize me anymore not that you knew me back then but it all comes back to me in the end i kept everything inside and even though i tried it all fell apart what it meant to me will eventually be a memory of a time wheni tried so hard and got so far but in the end it doesnt even matter i had to fall to lose it all but in the end it doesnt even matterive put my trust in you pushed as far as i can go for all this theres only one thing you should know ive put my trust in you pushed as far as i can go for all this theres only one thing you should knowi tried so hard and got so far but in the end it doesnt even matter i had to fall to lose it all but in the end it doesnt even matter,in the end,linkin park,2002,7,1,2000s,reflective
oh no no no no nowhen you feel it in your body you found somebody who makes you change your ways like hanging with your crew said you act like youre ready but you dont really know and everything in your past you wanna let it goive been there done it fucked around after all that this is what i found nobody wants to be alone if youre touched by the words in this song then babyu got u got it bad when youre on the phone hang up and you call right back u got u got it bad if you miss a day without your friend your whole lifes off track you know you got it bad when youre stuck in the house you dont wanna have fun its all you think about u got it bad when youre out with someone but you keep on thinkin bout somebody else u got it badwhen you say that you love em and you really know everything that used to matter dont matter no more like my money all my cars you can have it all flowers cards and candy i do it just cause im said im fortunate to have you girl i want you to know i really adore you all my people who know whats going on look at your mate help me sing my song tell her im your man youre my girl im gonna tell it to the whole wide world ladies say im your girl youre my man promise to love you the best i cansee ive been there done it fucked around after all that this is what i found everyone of yall are just like me its too bad that you cant see that you got it bad heyu got u got it bad when youre on the phone hang up and you call right back u got u got it bad if you miss a day without your friend your whole lifes off track you know you got it bad when youre stuck in the house you dont wanna have fun its all you think about u got it bad when youre out with someone but you keep on thinkin bout somebody else u got it badu got u got it bad when youre on the phone hang up and you call right back u got u got it bad if you miss a day without your friend your whole lifes off track you know you got it bad when youre stuck in the house you dont wanna have fun its all you think about u got it bad when youre out with someone but you keep on thinkin bout somebody else u got it bad,u got it bad,usher,2002,9,1,2000s,reflective
uh huh lifes like this uh huh uh huh thats the way it is cause lifes like this uh huh uh huh thats the way it ischill out what you yellin for lay back its all been done before and if you could only let it be you will see i like you the way you are when were drivin in your car and youre talking to me one on one but youve becomesomebody else round everyone else youre watching your back like you cant relax youre tryin to be cool you look like a fool to me tell mewhy do you have to go and make things so complicated i see the way youre acting like youre somebody else gets me frustrated and lifes like this you you fall and you crawl and you break and you take what you get and you turn it into honesty you promised me im never gonna find you fake it no no noyou come over unannounced dressed up like youre somethin else where you are aint where its at you see youre making me laugh out when you strike your pose take off all your preppy clothes you know youre not fooling anyone when youve becomesomebody else round everyone else youre watchin your back like you cant relax youre tryin to be cool you look like a fool to me tell mewhy do you have to go and make things so complicated i see the way youre acting like youre somebody else gets me frustrated and lifes like this you you fall and you crawl and you break and you take what you get and you turn it into honesty you promised me im never gonna find you fake it no no nono no no no no no no no no no no nonochill out what you yellin for lay back its all been done before and if you could only let it be you will seesomebody else round everyone else youre watching your back like you cant relax youre trying to be cool you look like a fool to me tell mewhy do you have to go and make things so complicated i see the way youre acting like youre somebody else gets me frustrated and lifes like this you you fall and you crawl and you break and you take what you get and you turn it into honesty you promised me im never gonna find you fake it no nowhy do you have to go and make things so complicated yeah yeah i see the way youre acting like youre somebody else gets me frustrated and lifes like this you you fall and you crawl and you break and you take what you get and you turn it into honesty you promised me im never gonna find you fake it no no no,complicated,avril lavigne,2002,11,1,2000s,reflective
hey dont write yourself off yet its only in your head you feel left out or looked down on just try your best try everything you can and dont you worry what they tell themselves when youre awayit just takes some time little girl youre in the middle of the ride everything everything will be just fine everything everything will be all righthey you know theyre all the same you know youre doing better on your own so dont buy in live right now just be yourself it doesnt matter if thats good enough for someone elseit just takes some time little girl youre in the middle of the ride everything everything will be just fine everything everything will be all rightit just takes some time little girl youre in the middle of the ride everything everything will be just fine everything everything will be all righthey dont write yourself off yet its only in your head you feel left out or looked down on just do your best do everything you can dont you worry what their bitter hearts are going to sayit just takes some time little girl youre in the middle of the ride everything everything will be just fine everything everything will be all rightit just takes some time little girl youre in the middle of the ride everything everything will be just fine everything everything will be all right,the middle,jimmy eat world,2002,14,1,2000s,reflective
some people live for the fortune some people live just for the fame some people live for the power yeah some people live just to play the gamesome people think that the physical things define whats within and ive been there before and that lifes a bore so full of the superficialsome people want it all but i dont want nothing at all if it aint you baby if i aint got you baby some people want diamond rings some just want everything but everything means nothing if i aint got you yeahsome people search for a fountain that promises forever young some people need three dozen roses and thats the only way to prove you love themhand me the world on a silver platter and what good would it be with no one to share with no one who truly cares for mesome people want it all but i dont want nothing at all if it aint you baby if i aint got you baby some people want diamond rings some just want everything but everything means nothing if i aint got yousome people want it all but i dont want nothing at all if it aint you baby if i aint got you baby some people want diamond rings some just want everything but everything means nothing if i aint got you yeahif i aint got you with me baby so nothing in this whole wide world dont mean a thing if i aint got you with me baby,if i aint got you,alicia keys,2004,3,1,2000s,reflective
one two three my baby dont mess around because she loves me so this i know fo shobut does she really wanna but cant stand to see me walk out the door dont try to fight the feeling because the thought alone is killin me right now thank god for mom and dad for sticking to together like we dont know howhey ya hey ya hey ya hey ya hey ya hey ya hey ya hey yayou think youve got it oh you think youve got it but got it just dont get it when theres nothin at all we get together oh we get together but separates always better when theres feelings involved know what they say its nothing lasts forever then what makes it then what makes it then what makes it then what makes it then what makes love the exception so why oh why oh why oh why oh why oh are we still in denial when we know were not happy here,hey ya,outkast,2004,8,1,2000s,reflective
how the helld we wind up like this why werent we able to see the signs that we missed try and turn the tables i wish youd unclench your fists and unpack your suitcase lately theres been too much of this but dont think its too latenothings wrong just as long as you know that someday i willsomeday somehow im gonna make it alright but not right now i know youre wondering when youre the only one who knows that someday somehow im gonna make it alright but not right now i know youre wondering whenwell id hope that since were here anyway we could end up saying things we always needed to say so we could end up staying now the storys played out like this just like a paperback novel lets rewrite an ending that fits instead of a hollywood horrornothings wrong just as long as you know that someday i willsomeday somehow im gonna make it alright but not right now i know youre wondering when youre the only one who knows that someday somehow im gonna make it alright but not right now i know youre wondering when youre the only one who knows thathow the helld we wind up like this why werent we able to see the signs that we missed try and turn the tables now the storys played out like this just like a paperback novel lets rewrite an ending that fits instead of a hollywood horrornothings wrong just as long as you know that someday i willsomeday somehow im gonna make it alright but not right now i know youre wondering when youre the only one who knows that someday somehow im gonna make it alright but not right now i know youre wondering when youre the only one who knows thati know youre wondering when youre the only one who knows that i know youre wondering when,someday,nickelback,2004,17,1,2000s,reflective
mm mm yeah mm yeah yeah yeah mm uh yeah mm yeah yeahbaby i just dont get it do you enjoy being hurt i know you smelled the perfume the makeup on his shirt you dont believe his stories you know that theyre all lies bad as you are you stick around and i just dont know whyif i was ya man baby youd never worry bout what i do id be coming home back to you every night doin you right youre the type of woman deserves good things fist full of diamonds hand full of rings baby youre a star i just want to show you you areyou should let me love you let me be the one to give you everything you want and need baby good love and protection make me your selection show you the way loves supposed to be baby you should let me love you love you love you love you yeahlisten your true beautys description looks so good that it hurts youre a dime plus ninetynine and its a shame dont even know what youre worth everywhere you go they stop and stare cause youre bad and it shows from your head to your toes out of control baby you knowif i was ya man baby youd never worry bout what i do id be coming home back to you every night doin you right youre the type of woman deserves good things fist full of diamonds a hand full of rings baby youre a star i just want to show you you areyou should let me love you let me be the one to give you everything you want and need ooh baby good love and protection make me your selection show you the way loves supposed to be baby you should let meyou deserve better girl you know you deserve better we should be together girl baby with me and you its whatever girl hey so can we make this thing oursyou should let me love you let me be the one to give you everything you want and need good love and protection make me your selection show you the way loves supposed to beyou should let me love you let me be the one to give you everything you want and need good love and protection make me your selection show you the way loves supposed to beyou should let me love you let me be the one to give you everything you want and need good love and protection make me your selection show you the way loves supposed to be yeah let me love youthats all you need baby,let me love you,mario,2005,3,1,2000s,reflective
i walk a lonely road the only one that i have ever known dont know where it goes but its home to me and i walk alonei walk this empty street on the boulevard of broken dreams where the city sleeps and im the only one and i walk alonei walk alone i walk alonei walk alone i walk amy shadows only one that walks beside me my shallow hearts the only thing thats beating sometimes i wish someone out there will find me till then i walk aloneahah ahah ahah aahah ahah ahah ahahim walking down the line that divides me somewhere in my mind on the border line of the edge and where i walk aloneread between the lines whats fucked up and everythings all right check my vital signs to know im still alive and i walk alonei walk alone i walk alonei walk alone i walk amy shadows only one that walks beside me my shallow hearts the only thing thats beating sometimes i wish someone out there will find me till then i walk aloneahah ahah ahah aahah ahah ahahi walk alone i walk ai walk this empty street on the boulevard of broken dreams where the city sleeps and im the only one and i walk amy shadows only one that walks beside me my shallow hearts the only thing thats beating sometimes i wish someone out there will find me till then i walk alone,boulevard of broken dreams,green day,2005,7,1,2000s,reflective
never made it as a wise man i couldnt cut it as a poor man stealing tired of living like a blind man im sick of sight without a sense of feeling and this is how you remind methis is how you remind me of what i really am this is how you remind me of what i really amits not like you to say sorry i was waiting on a different story this time im mistaken for handing you a heart worth breaking and ive been wrong ive been down into the bottom of every bottle these five words in my head scream are we having fun yetyet yet yet no no yet yet yet no noits not like you didnt know that i said i love you and i swear i still do and it must have been so bad cause living with him must have damn near killed youand this is how you remind me of what i really am this is how you remind me of what i really amits not like you to say sorry i was waiting on a different story this time im mistaken for handing you a heart worth breaking and ive been wrong ive been down into the bottom of every bottle these five words in my head scream are we having fun yetyet yet yet no no yet yet yet no no yet yet yet no no yet yet yet no nonever made it as a wise man i couldnt cut it as a poor man stealing and this is how you remind me this is how you remind methis is how you remind me of what i really am this is how you remind me of what i really amits not like you to say sorry i was waiting on a different story this time im mistaken for handing you a heart worth breaking and ive been wrong ive been down into the bottom of every bottle these five words in my head scream are we having fun yetyet yet are we having fun yet yet yet are we having fun yet yet yet are we having fun yet yet yet no no,how you remind me,nickelback,2002,1,1,2000s,sad
see my days are cold without you but im hurtin while im with you and though my heart cant take no more i keep on running back to you see my days are cold without you but im hurtin while im with you and though my heart cant take no more i keep on running back to youbaby i dont know why ya treat me so bad you said you loved me no one above me and i was all you had and though my heart is beating for ya i cant stop crying i dont know how i allow you to treat me this way and still i staysee my days are cold without you but im hurtin while im with you and though my heart cant take no more i keep on running back to you see my days are cold without you but im hurtin while im with you and though my heart cant take no more i keep on running back to youbaby i dont know why ya wanna do me wrong see when im home im all alone and you are always gone and boy you know i really love you i cant deny i cant see how you could bring me to so many tears after all these yearssee my days are cold without you but im hurtin while im with you and though my heart cant take no more i keep on running back to you see my days are cold without you but im hurtin while im with you and though my heart cant take no more i keep on running back to you oohhhhh i trusted you i trusted you so sad so sad what love will make you do all the things that we accept be the things that we regret too all of my ladies ladies feel me cmon sing wit me see when i get the strength to leave you always tell me that you need me and im weak cause i believe you and im mad because i love you so i stop and think that may be you can learn to appreciate me then it all remains the same that you aint never gonna change never gonna change never gonna change see my days are cold without you but im hurtin while im with you and though my heart cant take no more i keep on running back to you see my days are cold without you but im hurtin while im with you and though my heart cant take no more i keep on running back to youbaby why you hurt me leave me and desert me boy i gave you all my heart and all you did was tear it up looking out my window knowing that i should go even when i pack my bags see something always hold me back,foolish,ashanti,2002,2,1,2000s,sad
everythings so blurry and everyones so fake and everybodys empty and everything is so messed up preoccupied without you i cannot live at all my whole world surrounds you i stumble then i crawlyou could be my someone you could be my scene you know that ill protect you from all of the obscene i wonder what youre doing imagine where you are theres oceans in between us but thats not very farcan you take it all away can you take it all away well ya shoved it in my face this pain you gave to me can you take it all away can you take it all away well ya shoved it in my faceeveryone is changing theres none left thats real to make up your own ending and let me know just how you feel cause i am lost without you i cannot live at all my whole world surrounds you i stumble then i crawlyou could be my someone you could be my scene you know that i will save you from all of the unclean i wonder what youre doing i wonder where you are theres oceans in between us but thats not very farcan you take it all away can you take it all away well ya shoved it in my face this pain you gave to me can you take it all away can you take it all away well ya shoved it in my face this pain you gave to menobody told me what you thought nobody told me what to say everyone showed you where to turn told you when to runaway nobody told you where to hide nobody told you what to say everyone showed you where to turn showed you when to runawaycan you take it all away can you take it all away well ya shoved it in my face this pain you gave to me can you take it all away can you take it all away well ya shoved it in my face this pain you gave to methis pain you gave to meyou take it all you take it all away this pain you gave to me you take it all away this pain you gave to me take it all away this pain you gave to me,blurry,puddle of mudd,2002,10,1,2000s,sad
i was so high i did not recognize the fire burning in her eyes the chaos that controlled my mind whispered goodbye as she got on a plane never to return again but always in my heart ohthis love has taken its toll on me she said goodbye too many times before and her heart is breaking in front of me and i have no choice cause i wont say goodbye anymorewhoa oh oh whoa oh oh whoa oh ohi tried my best to feed her appetite keep her coming every night so hard to keep her satisfied oh kept playing love like it was just a game pretending to feel the same then turn around and leave againbut oh ohh this love has taken its toll on me she said goodbye too many times before and her heart is breaking in front of me and i have no choice cause i wont say goodbye anymorewhoa oh oh whoa oh oh whoa oh ohbridge ill fix these broken things repair your broken wings and make sure everythings alright its alright its alright my pressure on your hips sinking my fingertips into every inch of you because i know thats what you want me to dothis love has taken its toll on me she said goodbye too many times before her heart is breaking in front of me and i have no choice cause i wont say goodbye anymorethis love has taken its toll on me she said goodbye too many times before and my heart is breaking in front of me and she said goodbye too many times beforethis love has taken its toll on me she said goodbye too many times before her heart is breaking in front of me and i have no choice cause i wont say goodbye anymore,this love,maroon 5,2004,4,1,2000s,sad
im not a perfect person theres many thing i wish i didnt do but i continue learning i never meant to do those things to you and so i have to say before i go that i just want you to knowive found a reason for me to change who i used to be a reason to start over new and the reason is youim sorry that i hurt you its something i must live with everyday and all the pain i put you through i wish i could take it all away and be the one who catches all your tears thats why i need you to hearive found a reason for me to change who i used to be a reason to start over new and the reason is youand the reason is you and the reason is you and the reason is youim not a perfect person i never meant to do those things to you and so i have to say before i go that i just want you to knowive found a reason for me to change who i used to be a reason to start over new and the reason is youive found a reason to show a side of me you didnt know a reason for all that i do and the reason is you,the reason,hoobastank,2004,6,1,2000s,sad
i just cant believe this man just another night of these thoughts cant get this outta my head yeahsomebody said they saw you the person you were kissing wasnt me and i would never ask you i just kept it to myselfi dont wanna know if youre playin me keep it on the low cuz my heart cant take it anymore and if youre creepin please dont let it show oh baby i dont wanna knowoh baby i think about it when i hold you when looking in your eyes i cant believe i dont need to know the truth baby keep it to yourselfi dont wanna know if youre playin me keep it on the low cuz my heart cant take it anymore and if youre creepin please dont let it show oh baby i dont wanna knowdid he touch you better than me did he watch you fall asleep did you show him all those things that you used to do to me if youre better off that way baby all that i can say if youre gonna do your thing then dont come back to mei dont wanna know your whereabouts or how you movin i know when you in the house or when you cruisin its been proven my love you abusin i cant understand how a man got you choosin yeah undecided i came and provided my undivided you came and denied it why dont even try it i know when you lyin i know when you lyin dont even do that i know why you cryin stop cryin im not applyin no pressure just wanna let you know that i dont wanna let you go i dont wanna let you go and i dont wanna let you leave cant say i didnt let you breathe gave you extra cheesecmon put you in the suv you wanted ice so i made you freeze made you hot like the west indies thats right now its time you invest in me cause if not then its best you leave holla yeahi dont wanna know if youre playin me keep it on the low cuz my heart cant take it anymore and if youre creepin please dont let it show oh baby i dont wanna knowi dont wanna know if youre playin me keep it on the low cuz my heart cant take it anymore and if youre creepin please dont let it show oh baby i dont wanna know,i dont wanna know,mario winans featuring enya and p diddy,2004,7,1,2000s,sad
im so tired of being here suppressed by all my childish fears and if you have to leave i wish that you would just leave cause your presence still lingers here and it wont leave me alonethese wounds wont seem to heal this pain is just too real theres just too much that time cannot erasewhen you cried id wipe away all of your tears when youd scream id fight away all of your fears and i held your hand through all of these years but you still have all of meyou used to captivate me by your resonating light now im bound by the life you left behind your face it haunts my once pleasant dreams your voice it chased away all the sanity in methese wounds wont seem to heal this pain is just too real theres just too much that time cannot erasewhen you cried id wipe away all of your tears when youd scream id fight away all of your fears and i held your hand through all of these years but you still have all of meive tried so hard to tell myself that youre gone but though youre still with me ive been alone all alongwhen you cried id wipe away all of your tears when youd scream id fight away all of your fears and i held your hand through all of these years you still have all of me me me,my immortal,evanescence,2004,19,1,2000s,sad
ooh ooh sweet love yeahi didnt mean it when i said i didnt love you so i should have held on tight i never shoulda let you go i didnt know nothing i was stupid i was foolish i was lying to myself i could not fathom that i would ever be without your love never imagined id be sitting here beside myself cause i didnt know you cause i didnt know me but i thought i knew everything i never feltthe feeling that im feeling now that i dont hear your voice or have your touch and kiss your lips cause i dont have a choice oh what i wouldnt give to have you lying by my side right here cause baby we belong together meaning byamandah editor talking with live nation tv mariah revealed the bobby womack lyric sample almost never came to be due to the cost they went with it anyways and now we see all when you left i lost a part of me its still so hard to believe come back baby please cause we belong togetherwho else am i gon lean on when times get rough whos gonna talk to me on the phone till the sun comes up whos gonna take your place there aint nobody better oh baby baby we belong togetheri cant sleep at night when you are on my mind bobby womacks on the radio saying to me if you think youre lonely now wait a minute this is too deep too deep i gotta change the station so i turn the dial trying to catch a break and then i hear babyface i only think of you and its breaking my heart im trying to keep it together but im falling apartim feeling all out of my element im throwing things crying trying to figure out where the hell i went wrong the pain reflected in this song it aint even half of what im feeling inside i need you need you back in my life babywhen you left i lost a part of me its still so hard to believe come back baby please cause we belong togetherwho else am i gon lean on when times get rough whos gonna talk to me on the phone till the sun comes up whos gonna take your place there aint nobody better oh baby baby we belong together babywhen you left i lost a part of me its still so hard to believe come back baby please cause we belong togetherwho am i gonna lean on when times get rough whos gonna talk to me till the sun comes up whos gonna take your place there aint nobody better oh baby baby we belong together,we belong together,mariah carey,2005,1,1,2000s,sad
seems like just yesterday you were a part of me i used to stand so tall i used to be so strong your arms around me tight everything it felt so right unbreakable like nothing could go wrongnow i cant breathe no i cant sleep im barely hanging onhere i am once again im torn into pieces cant deny it cant pretend just thought you were the one broken up deep inside but you wont get to see the tears i cry behind these hazel eyesi told you everything opened up and let you in you made me feel alright for once in my life now all thats left of me is what i pretend to be so together but so broken up insidecause i cant breathe no i cant sleep im barely hanging onhere i am once again im torn into pieces cant deny it cant pretend just thought you were the one broken up deep inside but you wont get to see the tears i cry behind these hazel eyesswallow me then spit me out for hating you i blame myself just seeing you it kills me now now i dont cry on the outside anymorehere i am once again im torn into pieces cant deny it cant pretend just thought you were the one broken up deep inside but you wont get to see the tears i cry behind these hazel eyeshere i am once again im torn into pieces cant deny it cant pretend just thought you were the one broken up deep inside but you wont get to see the tears i cry behind these hazel eyes,behind these hazel eyes,kelly clarkson,2005,10,1,2000s,sad
where is the moment when we needed the most you kick up the leaves and the magic is lost they tell me your blue skys faded to gray they tell me your passions gone away and i dont need no carrying onstand in the line just to hit a new low youre faking a smile with the coffee to go you tell me your lifes been way off line youre falling to pieces every time and i dont need no carrying oncause you had a bad day youre taking one down you sing a sad song just to turn it around you say you dont know you tell me dont lie you work at a smile and you go for a ride you had a bad day the camera dont lie youre coming back down and you really dont mind you had a bad day you had a bad daywell you need a blue sky holiday the point is they laugh at what you say and i dont need no carrying onyou had a bad day youre taking one down you sing a sad song just to turn it around you say you dont know you tell me dont lie you work at a smile and you go for a ride you had a bad day the camera dont lie youre coming back down and you really dont mind you had a bad daysometimes the system goes on the blink and the whole thing it turns out wrong you might not make it back and you know that you could be well oh that strong and im not wrongso where is the passion when you need it the most oh you and i you kick up the leaves and the magic is lostcause you had a bad day youre taking one down you sing a sad song just to turn it around you say you dont know you tell me dont lie you work at a smile and you go for a ride you had a bad day you see what you like and how does it feel one more time you had a bad day you had a bad day had a bad day had a bad day had a bad day,bad day,daniel powter,2006,1,1,2000s,sad
whoa luda now i may not be the worst or the best but you gotta respect my honesty whoa and i may break your heart but i dont really think theres anybody as bomb as me whoa so you can take this chance in the end everybodys gonna be wondering how you deal whoa you might say this is ludacris but taio cruz tell her how you feelnow listen to me baby uh uh oh oh before i love and leave you uh uh oh oh they call me heart breaker uh uh oh oh i dont wanna deceive you uh uh oh oh ohif you fall for me im not easy to please i might tear you apart told you from the start baby from the startim only gonna break break your break break your heartim only gonna break break your break break your heartim only gonna break break your break break your heartim only gonna break break your break break your heart whoa whoatheres no point trying to hide it uh uh oh oh no point trying to evade it uh uh oh oh i know i got a problem uh uh oh oh problem with misbehaving uh uh oh oh ohif you fall for me im not easy to please i might tear you apart told you from the start baby from the startim only gonna break break your break break your heartim only gonna break break your break break your heartim only gonna break break your break break your heartim only gonna break break your break break your heartthats all im gonna do woman whoa listen now im only gonna break your heart and shatter and splatter it all into little bitty pieces whether or not you get it all together then its finders keepers and losers weepers see im not trying to lead you on no im only trying to keep it real whoa you might say this is ludacris but taio cruz tell her how you feeleh and i know karmas gonna get me back for being so cold eh like a big bad wolf im born to be bad and bad to the bone eh if you fall for me im only gonna tear you apart eh told ya from the start ehim only gonna break break your break break your heartim only gonna break break your break break your heartim only gonna break break your break break your heartim only gonna break break your break break your heart whoa whoa whoa whoa,break your heart,taio cruz featuring ludacris,2010,10,1,2010s,confident
see you driving round town with the girl i love and im like fuck you ooh ooh ooh i guess the change in my pocket wasnt enough im like fuck you and forget her toosaid if i was richer id still be with ya ha oh aint that some ssh aint that some ssh and although theres pain in my chest i still wish you the best with a fuck you ooh ooh oohyeah im sorry i cant afford a ferrari but that dont mean i cant get you there i guess hes an xbox and im more atari but the way you play your game aint fairi pity the fool that falls in love with you oh oh ssh shes a gold digger well just thought you should know na ooh ooh oh ive got some news for you yeah go run and tell your little boyfriendsee you driving round town with the girl i love and im like fuck you ooh ooh ooh i guess the change in my pocket wasnt enough im like fuck you and forget her toosaid if i was richer id still be with ya ha aint that some ssh aint that some ssh and although theres pain in my chest i still wish you the best with a fuck you ooh ooh oohnow i know that i had to borrow beg and steal and lie and cheat trying to keep ya trying to please ya cause being in love with yo ass aint cheapi pity the fool that falls in love with you oh oh ssh shes a gold digger well just thought you should know na ooh ooh oh ive got some news for you ooh i really hate your ass right nowsee you driving round town with the girl i love and im like fuck you ooh ooh ooh i guess the change in my pocket wasnt enough im like fuck you and forget her toosaid if i was richer id still be with ya ha oh aint that some ssh aint that some ssh and although theres pain in my chest i still wish you the best with a fuck you ooh ooh oohnow baby baby baby whyd you wanna wanna hurt me so bad so bad so bad so bad i tried to tell my mamma but she told me this is one for your dad your dad your dad your dad yes she did uh why uh why uh why lady oh i love you i still love you ohi see you driving round town with the girl i love and im like fuck you ooh ooh ooh i guess the change in my pocket wasnt enough im like fuck you and forget her toosaid if i was richer id still be with ya ha aint that some shh aint that some shh and although theres pain in my chest i still wish you the best with a fuck you ooh ooh ooh,fuck you,cee lo green,2011,7,1,2010s,confident
just shoot for the stars if it feels right and aim for my heart if you feel like it take me away and make it okay i swear ill behaveyou wanted control so we waited i put on a show now were naked you say im a kid my ego is big i dont give a shit and it goes like thistake me by the tongue and ill know you kiss me til youre drunk and ill show you all the moves like jagger ive got the moves like jagger ive got the moves like jaggeri dont need to try to control you look into my eyes and ill own you with them moves like jagger ive got the moves like jagger ive got the moves like jaggerbaby its hard when you feel like youre broken and scarred nothing feels right but when youre with me i make you believe that ive got the keyoh so get in the car we can ride it wherever you want get inside it and you want to steer but im shifting gear ill take it from here oh yeah yeah and it goes like thistake me by the tongue and ill know you kiss me til youre drunk and ill show you all the moves like jagger ive got the moves like jagger ive got the moves like jaggeri dont need to try to control you look into my eyes and ill own you with them moves like jagger ive got the moves like jagger ive got the moves like jaggeryou want to know how to make me smile take control own me just for the night but if i share my secret youre gonna have to keep it nobody else can see thisso watch and learn i wont show you twice head to toe ooh baby rub me right but if i share my secret youre gonna have to keep it nobody else can see thisand it goes like thistake me by the tongue and ill know you kiss me til youre drunk and ill show you all the moves like jagger ive got the moves like jagger ive got the moves like jaggeri dont need to try to control you look into my eyes and ill own you with them moves like jagger ive got the moves like jagger ive got the moves like jagger,moves like jagger,maroon 5 featuring christina aguilera,2011,9,1,2010s,confident
boy i think about it every night and day im addicted wanna jump inside your love i wouldnt wanna have it any other way im addicted and i just cant get enoughi just cant get enough i just cant get enough i just cant get enough i just cant get enoughhoney got a sexy all steamin she givin hotness a new meanin perfection mama you gleamin inception you got a brother dreamin dreamindamn baby im feignin im tryna holler at you im screamin let me love you down this evenin love you love you ya you know you are my demongirl we could form a team and i could be the king you could be the queen and my minds dirty and it dont need cleanin i love you long time so you know the meaninoh baby i cant come down so please come help me out you got me feelin high and i cant step off the cloud and i just cant get enoughboy i think about it every night and day im addicted wanna drown inside your love i wouldnt wanna have it any other way im addicted and i just cant get enoughi just cant get enough i just cant get enough i just cant get enough i just cant get enoughhoney got me runnin like im flo joe signs her name on my heart with an xo loves so sweet got me vexed oh i wanna wish it right back like presto yesmeantime i wait for the next time she come around fore i toast to the best time we lol back and forth on the text line she got me fishin for her love i confess imsomethin bout her smile and that combo got me high and i aint comin down yo my hearts pumpin out louder than electro she got me feelin like mr robotooh baby i cant come down so please come help me out you got me feelin high and i cant step off the cloud and i just cant get enoughboy i think about it every night and day im addicted wanna drown inside your love i wouldnt wanna have it any other way im addicted and i just cant get enoughthis has been a switch up switch up switch up i just cant not sunk in your bed rock caught up in your love shock knocked out by your cold shot im stuck in your head li switch up cant get out wont quit makin me feign give it to me i want it all know what i mean your love is a dose of ecstasy switch up addicted i cant get away from you afflicted i need it i miss it it switch up i want your lovin right next to me and i cant erase ya out of my memory i just cant switch up,just cant get enough,the black eyed peas,2011,10,1,2010s,confident
ooh oh oh i know you want me i made it obvious that i want you too so put it on me lets remove the space between me and you now rock your body ooh damn i like the way that you move so give it to me ooh cause i already know what you wanna doheres the situation been to every nation nobodys ever made me feel the way that you do you know my motivation given my reputation please excuse me i dont mean to be rudebut tonight im loving you oh you know that tonight im loving you oh you know that tonight im loving you oh you know that tonight im loving you oh you knowyoure so damn pretty if i had a type then baby it would be you i know your ready if i never lied than baby youd be the truthheres the situation been to every nation nobodys ever made me feel the way that you do you know my motivation given my reputation please excuse me i dont mean to be rudebut tonight im loving you oh you know that tonight im loving you oh you know that tonight im loving you oh you know that tonight im loving you oh you knowluda tonight im gonna do everything that i want with you everythin that you need everything that you want i wanna honey i wanna stunt with you from the window to the wall gonna give you my all winter or the summertime when i get you on the springs ima make you fall you got that body that make me wanna get on the floor just to see you dance and i love the way you shake that ass turn around and let me see them pants you stuck with me im stuck with you lets find something to do please excuse me i dont mean to be rudebut tonight im loving you oh you know that tonight im loving you oh you know that tonight im loving you oh you know that tonight im loving you oh you know that tonight im loving you that tonight im loving you yeah,tonight im lovin you,enrique iglesias featuring ludacris and dj frank e,2011,16,1,2010s,confident
you know the bed feels warmer sleeping here alone you know i dream in color and do the things i wantyou think you got the best of me think youve had the last laugh bet you think that everything good is gone think you left me broken down think that id come running back baby you dont know me cause youre dead wrongwhat doesnt kill you makes you stronger stand a little taller doesnt mean im lonely when im alone what doesnt kill you makes a fighter footsteps even lighter doesnt mean im over cause youre gonewhat doesnt kill you makes you stronger stronger just me myself and i what doesnt kill you makes you stronger stand a little taller doesnt mean im lonely when im aloneyou heard that i was starting over with someone new they told you i was moving on over youyou didnt think that id come back id come back swinging you try to break me but you seewhat doesnt kill you makes you stronger stand a little taller doesnt mean im lonely when im alone what doesnt kill you makes a fighter footsteps even lighter doesnt mean im over cause youre gonewhat doesnt kill you makes you stronger stronger just me myself and i what doesnt kill you makes you stronger stand a little taller doesnt mean im lonely when im alonethanks to you i got a new thing started thanks to you im not the broken hearted thanks to you im finally thinking about me you know in the end the day you left was just my beginning in the endwhat doesnt kill you makes you stronger stand a little taller doesnt mean im lonely when im alone what doesnt kill you makes a fighter footsteps even lighter doesnt mean im over cause youre gonewhat doesnt kill you makes you stronger stronger just me myself and i what doesnt kill you makes you stronger stand a little taller doesnt mean im lonely when im alonewhat doesnt kill you makes you stronger stronger just me myself and i what doesnt kill you makes you stronger stand a little taller doesnt mean im lonely when im alonewhen im alone,stronger what doesnt kill you,kelly clarkson,2012,7,1,2010s,confident
hey i heard you were a wild one ooh if i took you home itd be a home run show me how you doi want to shut down the club with you hey i heard you like the wild ones wild ones wild ones oohi like crazy foolish stupid party going wild fist pumping music i might lose it blast to the roof that how we doz it doz it doz it i dont care the night she dont care we like almost dared the right five ready to get live aint no surprise take me so high jump and dont stop surfing the crowd ooh said i gotta be the man when they heading my van mic check one two shut them down in the club while the playboy does it and yall get lose lose out the bottle we all get bent and again tomorrow gotta break loose cause thats the motto club shuts down a hundred super modelshey i heard you were a wild one ooh if i took you home itd be a home run show me how you doi wanna shut down the club with you hey i heard you like the wild ones wild ones wild ones oohparty rocker fashow stopper more shampoo number one club popper got a hangover like too much vodka cant see me with ten binoculars so cool no doubt by the end of the night got the clothes coming off til i make that move somehow someway gotta raise the roof roof all black shades when the sun come through oh its on like everything goes round up baby til the freaky show what happens to that body its a private show stays right here private show i like em untamed dont tell me hide pain tolerance bottoms up with the champagne my life coming harder when we hit fame do you busy with the bail we get insanehey i heard you were a wild one ooh if i took you home itd be a home run show me how you doi want to shut down the club with you hey i heard you like the wild ones wild ones wild ones oohi am a wild one break me in saddle me up and lets begin i am a wild one tame me now running with wolves and im on the prowlshow you another side of me a side you would never thought you would see tear up that body dominate you til you had nough i hear you like the wild stuffhey i heard you were a wild one ooh if i took you home itd be a home run show me how youll do i want to shut down the club with you hey i heard you like the wild ones wild ones wild ones oohi am a wild one break me in saddle me up and lets begin i am a wild one tame me now running with wolves and im on the prowl,wild ones,flo rida featuring sia,2012,11,1,2010s,confident
i used to bite my tongue and hold my breath scared to rock the boat and make a mess so i sat quietly agreed politely i guess that i forgot i had a choice i let you push me past the breaking point i stood for nothing so i fell for everythingyou held me down but i got up hey already brushing off the dust you hear my voice your hear that sound like thunder gonna shake your ground you held me down but i got up get ready cause ive had enough i see it all i see it nowi got the eye of the tiger a fighter dancing through the fire cause i am the champion and youre gonna hear me roar louder louder than a lion cause i am a champion and youre gonna hear me roaroh oh oh oh oh oh oh oh oh oh oh oh oh oh oh oh oh oh oh oh oh oh oh oh youre gonna hear me roar meaning byamandah editor a small group of people now believe that katy perry is actually reportedly murdered child beauty pageant star jonbenÌ©t ramsey in disguise lol see all now im floating like a butterfly stinging like a bee i earned my stripes i went from zero to my own heroyou held me down but i got up hey already brushing off the dust you hear my voice your hear that sound like thunder gonna shake the ground you held me down but i got up get ready cause ive had enough i see it all i see it nowi got the eye of the tiger a fighter dancing through the fire cause i am the champion and youre gonna hear me roar louder louder than a lion cause i am a champion and youre gonna hear me roaroh oh oh oh oh oh oh oh oh oh oh oh oh oh oh oh oh oh oh oh oh oh oh oh youre gonna hear me roaroh oh oh oh oh oh oh oh oh oh oh oh oh oh oh oh oh oh oh oh oh oh oh oh youre gonna hear me roarroar roar roar roar roari got the eye of the tiger a fighter dancing through the fire cause i am the champion and youre gonna hear me roar louder louder than a lion cause i am a champion and youre gonna hear me roaroh oh oh oh oh oh oh oh oh oh oh oh oh oh oh oh oh oh oh oh oh oh oh oh youre gonna hear me roaroh oh oh oh oh oh oh oh oh oh oh oh oh oh oh oh oh oh oh oh oh oh oh oh youre gonna hear me roar,roar,katy perry,2013,10,1,2010s,confident
i knew you were you were gonna come to me and here you are but you better choose carefully cause im capable of anything of anything and everythingmake me your aphrodite make me your one and only but dont make me your enemy your enemy your enemyso you wanna play with magic boy you should know whatcha falling for baby do you dare to do this cause im coming atcha like a dark horseare you ready for ready for a perfect storm a perfect storm cause once youre mine once youre mine theres no going backmark my words this love will make you levitate like a bird like a bird without a cage but down to earth if you choose to walk away dont walk awayits in the palm of your hand now baby its a yes or no no maybe so just be sure before you give it up to me up to me give it up to meso you wanna play with magic boy you should know whatcha falling for baby do you dare to do this cause im coming atcha like a dark horse are you ready for ready for a perfect storm a perfect storm cause once youre mine once youre mine theres no going backshes a beast i call her karma she eat your heart out like jeffrey dahmer be careful try not to lead her on shawtys heart was on steroids cause her love was so strongyou may fall in love when you meet her if you get the chance you better keep her shes sweet as pie but if you break her heart shell turn cold as a freezer that fairy tale ending with a knight in shining armor she can be my sleeping beauty im gon put her in a comawoo damn i think i love her shawty so bad im sprung and i dont care she got me like a roller coaster turn the bedroom into a fair her love is like a drug i was tryna hit it and quit it but lil mama so dope i messed around and got addictedso you wanna play with magic boy you should know whatcha falling for baby do you dare to do this cause im coming atcha like a dark horse are you ready for ready for a perfect storm a perfect storm cause once youre mine once youre mine theres no going back,dark horse,katy perry featuring juicy j,2014,2,1,2010s,confident
listen to this jam show em what you got inbox freshfirst things first im the realest realest drop this and let the whole world feel it let em feel it and im still in the murder business i can hold you down like im givin lessons in physics right you should want a bad bitch like this ha drop it low and pick it up just like this yeah cup of ace cup of goose cup of cris high heels somethin worth a half a ticket on my wrist on my wrist takin all the liquor straight never chase that never rooftop like we bringin 88 back what bring the hooks in where the bass at champagne spillin you should taste thatim so fancy you already know im in the fast lane from la to tokyo im so fancy cant you taste this gold remember my name bout to blowi said baby i do this i thought that you knew this cant stand no haters and honest the truth is and my flow retarded they speak it depart it swagger on super i cant shop at no department better get my money on time if they not money decline and swear i meant that there so much that they give that line a rewind so get my money on time if they not money decline i just cant worry bout no haters gotta stay on my grind now tell me who that who that that do that do that put that paper over all i thought you knew that knew that i be that iggy put my name in bold i been working im up in here with some change to throwim so fancy you already know im in the fast lane from la to tokyo im so fancy cant you taste this gold remember my name bout to blowtrash the hotel lets get drunk on the mini bar make the phone call feels so good getting what i want yeah keep on turning it up chandelier swinging we dont give a fuck film star yeah im deluxe classic expensive you dont get to touch owstill stunting how you love that got the whole world asking how i does that hot girl hands off dont touch that look at that i bet you wishing you could clutch that just the way you like it huh youre so good hes just wishing he could bite it huh say what what never turn down money slaying these hoes gold trigger on the gun likeim so fancy you already know im in the fast lane from la to tokyo im so fancy cant you taste this gold remember my name bout to blowwho that who that iggy that do that do that iggy who that who that iggy blowwho that who that iggy that do that do that iggy who that who that iggy blow,fancy,iggy azalea featuring charli xcx,2014,4,1,2010s,confident
wake up in the morning feeling like p diddy hey what up girl grab my glasses im out the door im gonna hit this city lets go before i leave brush my teeth with a bottle of jack cause when i leave for the night i aint coming backim talking pedicure on our toes toes trying on all our clothes clothes boys blowing up our phones phones droptopping playing our favorite cds rollin up to the parties trying to get a little bit tipsydont stop make it pop dj blow my speakers up tonight ima fight till we see the sunlight ticktock on the clock but the party dont stop nodont stop make it pop dj blow my speakers up tonight ima fight til we see the sunlight ticktock on the clock but the party dont stop noaint got a care in world but got plenty of beer aint got no money in my pocket but im already here and now the dudes are lining up cause they hear we got swagger but we kick em to the curb unless they look like mick jaggerim talking about everybody getting crunk crunk boys tried to touch my junk junk gonna smack him if he getting too drunk drunknow now we goin till they kick us out out or the police shut us down down police shut us down down popo shut usdont stop make it pop dj blow my speakers up tonight ima fight till we see the sunlight ticktock on the clock but the party dont stop nodont stop make it pop dj blow my speakers up tonight ima fight till we see the sunlight ticktock on the clock but the party dont stop nodj you build me up you break me down my heart it pounds yeah you got me with my hands up you got me now you got that sound yeah you got medj you build me up you break me down my heart it pounds yeah you got me with my hands up put your hands up put your hands upnow the party dont start till i walk indont stop make it pop dj blow my speakers up tonight ima fight till we see the sunlight ticktock on the clock but the party dont stop nodont stop make it pop dj blow my speakers up tonight ima fight till we see the sunlight ticktock on the clock but the party dont stop no,tik tok,keha,2010,1,1,2010s,happy
hey hey hey hey hey heyyour lipstick stains on the front part of my left side brain i knew i wouldnt forget you and so i went and let you blow my mindyour sweet moonbeam the smell of you in every single dream i dream i knew when we collided youre the one i have decided whos one of my kindhey soul sister aint that mr mister on the radio stereo the way you move aint fair you knowhey soul sister i dont wanna miss a single thing you do tonighthey hey heyjust in time im so glad you have a one track mind like me you gave my life direction a game show love connection we cant denyim so obsessed my heart is bound to beat right out my untrimmed chest i believe in you like a virgin youre madonna and im always gonna wanna blow your mindhey soul sister aint that mr mister on the radio stereo the way you move aint fair you know hey soul sister i dont wanna miss a single thing you do tonightthe way you can cut a rug watching you is the only drug i need so gangster im so thug youre the only one im dreaming ofyou see i can be myself now finally in fact theres nothing i cant be i want the world to see youll be with mehey soul sister aint that mr mister on the radio stereo the way you move aint fair you know hey soul sister i dont wanna miss a single thing you do tonighthey soul sister i dont wanna miss a single thing you do tonighthey hey hey tonight hey hey hey tonight,hey soul sister,train,2010,3,1,2010s,happy
snoop dogg greetings loved ones lets take a journeykaty perry i know a place where the grass is really greener warm wet and wild there must be something in the water sippin gin and juice laying underneath the palm trees undone the boys break their necks trying to creep a little sneak peek at usyou could travel the world but nothing comes close to the golden coast once you party with us youll be falling in love oh oh oh ohcalifornia gurls were unforgettable daisy dukes bikinis on top sunkissed skin so hot well melt your popsicle oh oh oh ohcalifornia gurls were undeniable fine fresh fierce we got it on lock west coast represent now put your hands up oh oh oh ohsex on the beach we dont mind sand in our stilettos we freak in my jeep snoop doggy dogg on the stereo oh ohyou could travel the world but nothing comes close to the golden coast once you party with us youll be falling in love oh oh oh ohcalifornia gurls were unforgettable daisy dukes bikinis on top sunkissed skin so hot well melt your popsicle oh oh oh ohcalifornia gurls were undeniable fine fresh fierce we got it on lock west coast represent now put your hands up oh oh oh ohsnoop dogg toned tan fit and ready turn it up cause its getting heavy wild wild west coast these are the girls i love the most i mean the ones i mean like shes the one kiss her touch her squeeze her bunsthe girls a freak she drives a jeep and live on the beach im okay i wont play i love the bait just like i love la venice beach and palm springs summer time is everythinghomeboys bangin out all that ass hangin out bikinis zucchinis martinis no weenies just a king and a queenie katy my ladykaty perry yeahsnoop dogg you lookie here babykaty perry uh huhim all up on you cause you representin californiakaty perry ohhh yeahhcalifornia gurls were unforgettable daisy dukes bikinis on top sunkissed skin so hot well melt your popsicle oh oh oh ohcalifornia gurls were undeniable fine fresh fierce we got it on lock west coast representsnoop dogg west coast west coastkaty perry now put your hands up oh oh oh ohcalifornia california gurlssnoop dogg california gurls mankaty perry california california gurls,california gurls,katy perry featuring snoop dogg,2010,4,1,2010s,happy
oh my gosh baby let me did it again so imma let the beat rock oh mybaby let me love you down theres so many ways to love ya baby i can break you down theres so many ways to love ya got me like ooh my gosh im so in love i found you finally you make me wanna say oh oh oh oh oh oh oh oh oh oh oh oh oh oh oh oh oh my goshyou make me want to say oh oh oh oh oh oh oh oh ohi fell in love with shawty when i seen her on the dance floor she was dancing sexy pop pop popping dropping dropping low never ever has a lady hit me at the first sight this was something special this was just like dynamite honey got a booty like pow pow pow honey got some boobies like wow oh wow girl you know im loving your loving your style check check check check check checking you out like ooh ooh she got it all sexy from her head to her toes and i want it all n all n allbaby let me love you down theres so many ways to love ya baby i can break you down theres so many ways to love ya got me like ooh my gosh im so in love i found you finally you make me want to say oh oh oh oh oh oh oh oh oh oh oh oh oh oh oh oh oh my goshyou make me want to say you make me want to say oh oh oh oh oh oh oh oh oh ohfell so hard for honey out of all the girls up in this club this one got me whipped just off one look yep i fell in love this one something special this one just like dynamite oh oh oh oh oh oh oh out of sight fell in love with honey like my oh my honey looking wonderful fly so fly honey like a supermodel my oh my baby how you do that make a grown man cryooh ooh baby you got it all sexy from her head to her toes and i want it all n all n allso honey let me love you down theres so many ways to love ya baby i can break it down theres so many ways to love ya got me like ooh my gosh im so in love i found you finally you make me want to sayoh oh oh oh oh oh oh oh oh oh oh oh oh oh oh oh oh my goshoh my gosh oh my oh my oh oh my goshoh my gosh i did it again so im gone let the beat rockoh oh oh my oh oh oh my my my my ooh my goshoh oh oh my oh oh oh my my my my ooh my gosh oh my gosh,omg,usher featuring william,2010,5,1,2010s,happy
i came to dancedancedancedance yeah i hit the floor cause thats my plans plans plans plans yeah im wearing all my favorite brands brands brands brands yeah give me some space for both my hands hands hands hands yeah yeah cause it goes on and on and on and it goes on and on and on yeahi throw my hands up in the air sometimes saying ayeoh gotta let go i wanna celebrate and live my life saying ayoh baby lets go cause we gon rock this club we gon go all night we gon light it up like its dynamite cause i told you once now i told you twice we gon light it up like its dynamitei came to move move move move get out the way of me and my crew crew crew crew yea im in the club so im gonna do do do do yea just what i came here to do do do do yeah yeah cause it goes on and on and on and it goes on and on and on yeahi throw my hands up in the air sometimes saying ayoh gotta let go i wanna celebrate and live my life saying ayoh baby lets go cause we gon rock this club we gon go all night we gon light it up like its dynamite cause i told you once now i told you twice we gon light it up like its dynamiteim gonna take it all i im gonna be the last one standing higher overall i im gonna be the last one landing cause i i i believe it and i i i i just want it all i just want it all im gonna put my hands in the air hands in the air put your hands in the airi throw my hands up in the air sometimes saying ayoh gotta let go i wanna celebrate and live my life saying ayoh baby lets go cause we gon rock this club we gon go all night we gon light it up like its dynamite cause i told you once now i told you twice we gon light it up like its dynamite,dynamite,taio cruz,2010,9,1,2010s,happy
party rock yeah woo lets goparty rock is in the house tonight everybody just have a good time and we gonna make you lose your mind everybody just have a good timeparty rock is in the house tonight everybody just have a good time and we gonna make you lose your mind we just wanna see ya shake that ass in the club party rock lookin for your girl she on the top nonstop when we in the spot party movin like its on the block where the dance i gots to know tight jeans cool shoes cause im rock n roll half black half white domino game the money opadoeyo im runnin through these streets like drano i got that devilish flow rock n roll no halo we party rock yeah thats the crew that im with on the rise to the top no lead in our zeppelin heyparty rock is in the house tonight everybody just have a good time and we gonna make you lose your mind everybody just have a good timeparty rock is in the house tonight everybody just have a good time and we gonna make you lose your mind we just wanna see ya shake thateveryday im shufflin shufflin shufflinstep up fast and be the first one to make me blow this cash we gettin money dont be mad now stop hating is badone more shot for us another round please fill up my cup dont mess around we just wanna see you shake it now now you wanna be youre shakin nowget up get down put your hands up to the sound get up get down put your hands up to the sound get up get down put your hands up to the sound put your hands up to the sound put your hands up to the soundget up get up get up get up get up get up get up get up get up put your hands up to the sound to the sound put your hands up put your hands up put your hands up put your hands upparty rock is in the house tonight put your hands up everybody just have a good time put your hands up and we gonna make you lose your mind put your hands up everybody just have a good good good timeput your hands up put your hands up put your hands up shake that everyday im shufflinpush up push up push up push up push up push up push up push up push up push up,party rock anthem,lmfao featuring lauren bennett and goonrock,2011,2,1,2010s,happy
theres a stranger in my bed theres a pounding in my head glitter all over the room pink flamingos in the pool i smell like a minibar djs passed out in the yard barbies on the barbecue is this a hickey or a bruisepictures of last night ended up online im screwed oh well its a blackedout blur but im pretty sure it ruled damnlast friday night yeah we danced on tabletops and we took too many shots think we kissed but i forgotlast friday night yeah we maxed our credit cards and got kicked out of the bar so we hit the boulevardlast friday night we went streaking in the park skinny dipping in the dark then had a menage a trioslast friday night yeah i think we broke the law always say were gonna stopop oohohhthis friday night do it all again this friday night do it all againtrying to connect the dots dont know what to tell my boss think the city towed my car chandelier is on the floor ripped my favorite party dress warrants out for my arrest think i need a ginger ale that was such an epic failpictures of last night ended up online im screwed oh well its a blackedout blur but im pretty sure it ruled damnlast friday night yeah we danced on tabletops and we took too many shots think we kissed but i forgotlast friday night yeah we maxed our credit cards and got kicked out of the bar so we hit the boulevardlast friday night we went streaking in the park skinny dipping in the dark then had a mÌ©nage ÌÊ troislast friday night yeah i think we broke the law always say were gonna stopop oohohhthis friday night do it all again do it all again this friday night do it all again do it all again this friday nighttgif tgif tgif tgif tgif tgif tgiflast friday night yeah we danced on tabletops and we took too many shots think we kissed but i forgotlast friday night yeah we maxed our credit cards and got kicked out of the bar so we hit the boulevardlast friday night we went streaking in the park skinny dipping in the dark then had a mÌ©nage ÌÊ troislast friday night yeah i think we broke the law always say were gonna stopop oohohhthis friday night do it all againwhooooo yeah wooo yeah,last friday night tgif,katy perry,2011,14,1,2010s,happy
i threw a wish in the well dont ask me ill never tell i looked at you as it fell and now youre in my wayi trade my soul for a wish pennies and dimes for a kiss i wasnt looking for this but now youre in my wayyour stare was holding ripped jeans skin was showing hot night wind was blowing where you think youre going babyhey i just met you and this is crazy but heres my number so call me maybe its hard to look right at you baby but heres my number so call me maybehey i just met you and this is crazy but heres my number so call me maybe and all the other boys try to chase me but heres my number so call me maybeyou took your time with the call i took no time with the fall you gave me nothing at all but still youre in my wayi beg and borrow and steal at first sight and its real i didnt know i would feel it but its in my wayyour stare was holding ripped jeans skin was showing hot night wind was blowing where you think youre going babyhey i just met you and this is crazy but heres my number so call me maybe its hard to look right at you baby but heres my number so call me maybebefore you came into my life i missed you so bad i missed you so bad i missed you so so bad before you came into my life i missed you so bad and you should know that i missed you so so bad bad bad badits hard to look right at you baby but heres my number so call me maybehey i just met you and this is crazy but heres my number so call me maybe and all the other boys try to chase me but heres my number so call me maybebefore you came into my life i missed you so bad i missed you so bad i missed you so so bad before you came into my life i missed you so bad and you should know that so call me maybe,call me maybe,carly rae jepsen,2012,2,1,2010s,happy
the sun goes down the stars come out and all that counts is here and now my universe will never be the same im glad you cameyou cast a spell on me spell on me you hit me like the sky fell on me fell on me and i decided you look well on me well on me so lets go somewhere noone else can see you and meturn the lights out now now ill take you by the hand hand you another drink drink it if you can can you spend a little time time is slipping away away from us so stay stay with me i can make make you glad you camethe sun goes down the stars come out and all that counts is here and now my universe will never be the same im glad you came im glad you cameyou cast a spell on me spell on me you hit me like the sky fell on me fell on me and i decided you look well on me well on me so lets go somewhere noone else can see you and meturn the lights out now now ill take you by the hand hand you another drink drink it if you can can you spend a little time time is slipping away away from us so stay stay with me i can make make you glad you camethe sun goes down the stars come out and all that counts is here and now my universe will never be the same im glad you came im glad you cameim glad you came so glad you came im glad you came im glad you camethe sun goes down the stars come out and all that counts is here and now my universe will never be the same im glad you came im glad you came,glad you came,the wanted,2012,6,1,2010s,happy
nicki minaj lets go to the beach each lets go get away they say what they gonna say have a drink clink found the bud light bad btches like me is hard to come by the patron on lets go get it on the zone on yes im in the zone is it two three leave a good tip imma blow off my money and dont give two shtsim on the floor floor i love to dance so give me more more till i cant stand get on the floor floor like its your last chance if you want more more then here i amstarships were meant to fly hands up and touch the sky cant stop cause were so high lets do this one more timestarships were meant to fly hands up and touch the sky lets do this one last time cant stopwere higher than a motherfckr were higher than a motherfckr were higher than a motherfckrjump in my hoopty hoopty hoop i own that and i aint paying my rent this month i owe that but fck who you want and fck who you like dance our life theres no end in sight twinkle twinkle little starnow everybody let me hear you say ray ray ray now spend all your money cause they pay pay pay and if youre a g you a ggg my name is onika you can call me nickiget on the floor floor like its your last chance if you want more more then here i amstarships were meant to fly hands up and touch the sky cant stop cause were so high lets do this one more timestarships were meant to fly hands up and touch the sky lets do this one last time cant stopwere higher than a motherfckr were higher than a motherfckr were higher than a motherfckrstarships were meant to fly hands up and touch the sky cant stop cause were so high lets do this one more timestarships were meant to fly hands up and touch the sky lets do this one last time cant stopwere higher than a motherfckr were higher than a motherfckr were higher than a motherfckr,starships,nicki minaj,2012,9,1,2010s,happy
ohohohohoh ohohohohohoh caught in a bad romance ohohohohoh ohohohohohoh caught in a bad romancerah rah ahahah ro mah romahmah gaga ohlala want your bad romancerah rah ahahah ro mah romahmah gaga oohlala want your bad romancei want your ugly i want your disease i want your everything as long as its free i want your love lovelovelove i want your lovei want your drama the touch of your hand i want your leather studded kiss in the sand i want your love lovelovelove i want your love lovelovelove i want your loveyou know that i want you and you know that i need you i want it bad your bad romancei want your love and i want your revenge you and me could write a bad romance ohohohohoooh i want your love and all your lovers revenge you and me could write a bad romanceohohohohoh ohohohohohoh caught in a bad romanceohohohohooh ohohoohohohoh caught in a bad romancerah rah ahahah ro mah romahmah gaga oohlala want your bad romancei want your horror i want your design cause youre a criminal as long as your mine i want your love lovelovelove i want your lovei want your psycho your vertigo shtick want you in my rear window baby youre sick i want your love lovelovelove i want your love lovelovelove i want your loveyou know that i want you and you know that i need you i want it bad bad romancei want your love and i want your revenge you and me could write a bad romance ohohohohooh i want your love and all your lovers revenge you and me could write a bad romanceohohohohooh ohohoohohohoh caught in a bad romanceohohohohooh ohohoohohohoh caught in a bad romancerah rah ahahah ro mah romahmah gaga oohlala want your bad romancerah rah ahahah ro mah romahmah gaga ohlala want your bad romancewalk walk fashion baby work it move that bitch crazy walkwalk fashion baby work it move that bitch crazy walkwalk fashion baby work it move that bitch crazy walkwalk passion baby work it im a free bitch babyi want your love and i want your revenge i want your love i dont wanna be friendsjveux ton amour et je veux ta revanche jveux ton amour i dont wanna be friends i dont wanna be friends i dont wanna be friends i dont wanna be friends want your bad romance caught in a bad romance want your bad romancei want your love and i want your revenge you and me could write a bad romance ohohohohooh i want your love and all your lovers revenge you and me could write a bad romanceohohohohooh want your bad romance caught in a bad romance want your bad romance ohohohohooh want your bad romance caught in a bad romancerah rah ahahah ro mah romahmah gaga oohlala want your bad romance,bad romance,lady gaga,2010,8,1,2010s,reflective
do you ever feel like a plastic bag drifting through the wind wanting to start againdo you ever feel feel so paperthin like a house of cards one blow from caving indo you ever feel already buried deep six feet under screams but no one seems to hear a thingdo you know that theres still a chance for you cause theres a spark in you you just gottaignite the light and let it shine just own the night like the fourth of julycause baby youre a firework come on show them what youre worth make them go oh oh oh as you shoot across the skybaby youre a firework come on let your colors burst make them go oh oh oh youre gonna leave them all in aweyou dont have to feel like a waste of space youre original cannot be replacedif you only knew what the future holds after a hurricane comes a rainbowmaybe the reason why all the doors are closed so you could open one that leads you to the perfect roadlike a lightning bolt your heart will glow and when its time you know you just gottaignite the light and let it shine just own the night like the fourth of julycause baby youre a firework come on show them what youre worth make them go oh oh oh as you shoot across the skybaby youre a firework come on let your colors burst make them go oh oh oh youre gonna leave them all in aweboom boom boom even brighter than the moon moon moon its always been inside of you you you and now its time to let it throughcause baby youre a firework come on show them what youre worth make them go oh oh oh as you shoot across the skybaby youre a firework come on let your colors burst make them go oh oh oh youre gonna leave them all in aweboom boom boom even brighter than the moon moon moon boom boom boom even brighter than the moon moon moon,firework,katy perry,2011,3,1,2010s,reflective
youre so hypnotizing could you be the devil could you be an angel your touch magnetizing feels like im floating leaves my body glowingthey say be afraid youre not like the others futuristic lovers different dna they dont understand youyoure from a whole other world a different dimension you open my eyes and im ready to go lead me into the lightkiss me kkkiss me infect me with your love and fill me with your poison take me tttake me wanna be a victim ready for abduction boy youre an alien your touch so foreign its supernatural extraterrestrialyoure so supersonic wanna feel your powers stun me with your lasers your kiss is cosmic every move is magicyoure from a whole other world a different dimension you open my eyes and im ready to go lead me into the lightkiss me kkkiss me infect me with your love and fill me with your poison take me tttake me wanna be your victim ready for abduction boy youre an alien your touch so foreign its supernatural extraterrestrialthere is this transcendental on another level boy youre my lucky star i wanna walk on your wave length and be there when you vibrate for you i risk it all allkiss me kkkiss me infect me with your love and fill me with your poison take me tttake me wanna be your victim ready for abduction boy youre an alien your touch so foreign its supernatural extraterrestrial extraterrestrial extraterrestrialboy youre an alien your touch so foreign its supernatural extraterrestrial,et,katy perry featuring kanye west,2011,4,1,2010s,reflective
roberts got a quick hand hell look around the room he wont tell you his plan hes got a rolled cigarette hanging out his mouth hes a cowboy kidyeah he found a sixshooter gun in his dads closet with the box of fun things i dont even know what but hes coming for you yeah hes coming for youall the other kids with the pumped up kicks you better run better run outrun my gun all the other kids with the pumped up kicks you better run better run faster than my bulletall the other kids with the pumped up kicks you better run better run outrun my gun all the other kids with the pumped up kicks you better run better run faster than my bulletdaddy works a long day he be coming home late and hes coming home late and hes bringing me a surprise cause dinners in the kitchen and its packed in iceive waited for a long time yeah the sleight of my hand is now a quickpull trigger i reason with my cigarette then say your hairs on fire you must have lost your wits yeahall the other kids with the pumped up kicks you better run better run outrun my gun all the other kids with the pumped up kicks you better run better run faster than my bulletall the other kids with the pumped up kicks you better run better run outrun my gun all the other kids with the pumped up kicks you better run better run faster than my bulletrun run run run run run rrun run run rrun rrun run run rrun run run run run run run runall the other kids with the pumped up kicks you better run better run outrun my gun all the other kids with the pumped up kicks you better run better run faster than my bulletall the other kids with the pumped up kicks you better run better run outrun my gun all the other kids with the pumped up kicks you better run better run faster than my bulletall the other kids with the pumped up kicks you better run better run outrun my gun all the other kids with the pumped up kicks you better run better run faster than my bulletall the other kids with the pumped up kicks you better run better run outrun my gun all the other kids with the pumped up kicks you better run better run faster than my bullet,pumped up kicks,foster the people,2011,13,1,2010s,reflective
give me a second i i need to get my story straight my friends are in the bathroom getting higher than the empire state my lover shes waiting for me just across the bar my seats been taken by some sunglasses asking about a scar andi know i gave it to you months ago i know youre trying to forget but between the drinks and suddle things the holes in my apologies you know im trying hard to take it backso if by the time the bar closes and you feel like falling down ill carry you hooometonight we are young so lets set the world on fire we can burn brighter than the suntonight we are young so lets set the world on fire we can burn brighter than the sun now i know that im not all that you got i guess that i i just thought maybe we could find new ways to fall apart but our friends are back so lets raise a cup cause i found someone to carry me hometonight we are young so lets the set the world on fire we can burn brighter than the suntonight we are young so lets set the world on fire we can burn brighter than the suncarry me home tonight just carry me home tonight carry me home tonight just carry me home tonightthe world is on my side nanananannanana i have no reason to run anananananananan so will someone come and carry me home tonight nananananana the angels never arrived nananananananan but i can hear the choir nanannananananan so will someone come and carry me home ananananatonight we are young so lets set the world on fire we can burn brighter than the suntonight we are young so lets set the world on fire we can burn brighter than the sunso if by the time the bar closes and you feel like falling down ill carry you hometonight,we are young,fun featuring janelle mon'ae,2012,3,1,2010s,reflective
i had a way then losing it all on my own i had a heart then but the queen has been overthrown and im not sleeping now the dark is too hard to beat and im not keeping now the strength i need to push meyou show the lights that stop me turn to stone you shine it when im alone and so i tell myself that ill be strong and dreaming when theyre gonecause theyre calling calling calling me home calling calling calling home you show the lights that stop me turn to stone you shine it when im alone homevoices i play within my head touch my own skin and hope that im still breathing and i think back to when my brother and my sister slept in an unknown place the only time i feel safe memory byamandah editor in her april 2016 seventeen cover story ellie goulding explained how she wanted to be a role model for young girls growing up i want to write lyrics that see all you show the lights that stop me turn to stone you shine it when im alone and so i tell myself that ill be strong and dreaming when theyre gonecause theyre calling calling calling me home calling calling calling home you show the lights that stop me turn to stone you shine it when im alone homelight lights lights lights light lights lights lights home home light lights lights lights light lightsyou show the lights that stop me turn to stone you shine it when im alone and so i tell myself that ill be strong and dreaming when theyre gonecause theyre calling calling calling me home calling calling calling home you show the lights that stop me turn to stone you shine it when im alonehome home light lights lights lights light lights lights lightshome home light lights lights lights light lights lights lightshome home light lights lights lights light lights lights lightshome home light lights lights lights light lights lights lights,lights,ellie goulding,2012,5,1,2010s,reflective
whoa oh oh whoa oh oh whoa oh oh whoa im waking up to ash and dust i wipe my brow and i sweat my rust im breathing in the chemicals inhale exhaleim breaking in shaping up then checking out on the prison bus this is it the apocalypse whoaim waking up i feel it in my bones enough to make my systems blow welcome to the new age to the new age welcome to the new age to the new age whoa oh oh oh oh whoa oh oh oh im radioactive radioactive whoa oh oh oh oh whoa oh oh oh im radioactive radioactivei raise my flags don my clothes its a revolution i suppose were painted red to fit right in whoaim breaking in shaping up then checking out on the prison bus this is it the apocalypse whoaim waking up i feel it in my bones enough to make my systems blow welcome to the new age to the new age welcome to the new age to the new age whoa oh oh oh oh whoa oh oh oh im radioactive radioactive whoa oh oh oh oh whoa oh oh oh im radioactive radioactiveall systems go the sun hasnt died deep in my bones straight from insideim waking up i feel it in my bones enough to make my systems blow welcome to the new age to the new age welcome to the new age to the new age whoa oh oh oh oh whoa oh oh oh im radioactive radioactive whoa oh oh oh oh whoa oh oh oh im radioactive radioactive,radioactive,imagine dragons,2013,3,1,2010s,reflective
right from the start you were a thief you stole my heart and i your willing victim i let you see the parts of me that werent all that pretty and with every touch you fixed themnow youve been talking in your sleep oh oh things you never say to me oh oh tell me that youve had enough of our love our lovejust give me a reason just a little bits enough just a second were not broken just bent and we can learn to love again its in the stars its been written in the scars on our hearts were not broken just bent and we can learn to love again meaning byamandah editor pink and husband carey hart went through a separation in 2008 when she famously released so what to tell the world she didnt need him anymore however in see all im sorry i dont understand where all of this is coming from i thought that we were fine oh we had everything your head is running wild again my dear we still have everythin and its all in your mind yeah but this is happeninyouve been havin real bad dreams oh oh you used to lie so close to me oh oh theres nothing more than empty sheets between our love our love oh our love our lovejust give me a reason just a little bits enough just a second were not broken just bent and we can learn to love again i never stopped youre still written in the scars on my heart youre not broken just bent and we can learn to love againoh tear ducts can rust ill fix it for us were collecting dust but our loves enough youre holding it in youre pouring a drink no nothing is as bad as it seems well come cleanjust give me a reason just a little bits enough just a second were not broken just bent and we can learn to love again its in the stars its been written in the scars on our hearts that were not broken just bent and we can learn to love againjust give me a reason just a little bits enough just a second were not broken just bent and we can learn to love again its in the stars its been written in the scars on our hearts that were not broken just bent and we can learn to love againoh we can learn to love again oh we can learn to love again oh oh that were not broken just bent and we can learn to love again,just give me a reason,pink featuring nate ruess,2013,7,1,2010s,reflective
all along it was a fever a cold sweat hot headed believer i threw my hands in the air i said show me something he said if you dare come a little closerround and around and around and around we go oh now tell me now tell me now tell me now you knownot really sure how to feel about it something in the way you move makes me feel like i cant live without you it takes me all the way i want you to stayits not much of a life youre living its not just something you take its given round and around and around and around we go oh now tell me now tell me now tell me now you knownot really sure how to feel about it something in the way you move makes me feel like i cant live without you it takes me all the way i want you to stayoh the reason i hold on oh cause i need this hole gone funny youre the broken one but im the only one who needed saving cause when you never see the light its hard to know which one of us is cavingnot really sure how to feel about it something in the way you move makes me feel like i cant live without you it takes me all the way i want you to stay stay i want you to stay oh,stay,rihanna featuring mikky ekko,2013,13,1,2010s,reflective
ive never seen a diamond in the flesh i cut my teeth on wedding rings in the movies and im not proud of my address in the torn up town no post code envybut every songs like gold teeth grey goose tripping in the bathroom bloodstains ball gowns trashing the hotel roomwe dont care were driving cadillacs in our dreamsbut everybodys like crystal maybach diamonds on your timepiece jet planes islands tigers on a gold leashwe dont care we arent caught up in your love affairand well never be royals royals it dont run in our blood that kind of lux just aint for us we crave a different kind of buzz let me be your ruler ruler you can call me queen bee and baby ill rule ill rule ill rule ill rule let me live that fantasymy friends and i weve cracked the code we count our dollars on the train to the party and everyone who knows us knows that were fine with this we didnt come from moneybut every songs like gold teeth grey goose tripping in the bathroom bloodstains ball gowns trashing the hotel roomwe dont care were driving cadillacs in our dreamsbut everybodys like crystal maybach diamonds on your timepiece jet planes islands tigers on a gold leashwe dont care we arent caught up in your love affairand well never be royals royals it dont run in our blood that kind of lux just aint for us we crave a different kind of buzz let me be your ruler ruler you can call me queen bee and baby ill rule ill rule ill rule ill rule let me live that fantasyooh ooh oh ooh were better than weve every dreamed and im in love with being queenooh ooh oh ooh life is great without a care we arent caught up in your love affairand well never be royals royals it dont run in our blood that kind of lux just aint for us we crave a different kind of buzz let me be your ruler ruler you can call me queen bee and baby ill rule ill rule ill rule ill rule let me live that fantasy,royals,lorde,2013,15,1,2010s,reflective
picture perfect memories scattered all around the floor reaching for the phone cause i cant fight it any more and i wonder if i ever cross your mind for me it happens all the timeits a quarter after one im all alone and i need you now said i wouldnt call but i lost all control and i need you now and i dont know how i can do without i just need you nowanother shot of whiskey cant stop looking at the door wishing youd come sweepin in the way you did before and i wonder if i ever cross your mind for me it happens all the timeits a quarter after one im a little drunk and i need you now said i wouldnt call but i lost all control and i need you now and i dont know how i can do without i just need you nowguess id rather hurt than feel nothing at all its a quarter after one im all alone and i need you now and i said i wouldnt call but im a little drunk and i need you now and i dont know how i can do without i just need you now i just need you nowoh baby i need you now,need you now,lady antebellum,2010,2,1,2010s,sad
easy come easy go thats just how you live oh take take take it all but you never give shouldve known you was trouble from the first kiss had your eyes wide open why were they opengave you all i had and you tossed it in the trash you tossed it in the trash you did to give me all your love is all i ever asked causewhat you dont understand is id catch a grenade for ya throw my hand on a blade for ya id jump in front of a train for ya you know id do anything for ya oh oh oh oh ohi would go through all this pain take a bullet straight right through my brain yes i would die for you baby but you wont do the sameno no no noblack black black and blue beat me til im numb tell the devil i said hey when you get back to where youre from mad woman bad woman thats just what you are yeah youll smile in my face then rip the brakes out my cargave you all i had and you tossed it in the trash you tossed it in the trash yes you did to give me all your love is all i ever asked causewhat you dont understand is id catch a grenade for ya throw my hand on a blade for ya id jump in front of a train for ya you know id do anything for ya oooh i would go through all this pain take a bullet straight right through my brain yes i would die for ya baby but you wont do the sameif my body was on fire ooh youd watch me burn down in flames you said you loved me youre a liar cause you never ever ever did babybut darling id still catch a grenade for ya throw my hand on a blade for ya id jump in front of a train for ya you know id do anything for yai would go through all this pain take a bullet straight right through my brain yes i would die for you baby but you wont do the sameno you wont do the same you wouldnt do the same ooh you never do the same no no no no,grenade,bruno mars,2011,6,1,2010s,sad
gotye now and then i think of when we were together like when you said you felt so happy you could die told myself that you were right for me but felt so lonely in your company but that was love and its an ache i still rememberyou can get addicted to a certain kind of sadness like resignation to the end always the end so when we found that we could not make sense well you said that we would still be friends but ill admit that i was glad it was over meaning byjamesg editor somebody that i used to know is a song by australian and belgianborn artist gotye real name wally de backer featuring new zealand singer kimbra it is the see all but you didnt have to cut me off make out like it never happened and that we were nothing and i dont even need your love but you treat me like a stranger and that feels so rough no you didnt have to stoop so low have your friends collect your records and then change your number i guess that i dont need that though now youre just somebody that i used to knownow youre just somebody that i used to know now youre just somebody that i used to knowkimbra now and then i think of all the times you screwed me over but had me believing it was always something that id done but i dont wanna live that way reading into every word you say you said that you could let it go and i wouldnt catch you hung up on somebody that you used to knowgotye but you didnt have to cut me off make out like it never happened and that we were nothing and i dont even need your love but you treat me like a stranger and that feels so rough and you didnt have to stoop so low have your friends collect your records and then change your number i guess that i dont need that though now youre just somebody that i used to knowsomebody i used to know somebody now youre just somebody that i used to knowi used to know that i used to know i used to know somebody,somebody that i used to know,gotye featuring kimbra,2012,1,1,2010s,sad
i let it fall my heart and as it fell you rose to claim it it was dark and i was over until you kissed my lips and you saved memy hands theyre strong but my knees were far too weak to stand in your arms without falling to your feetbut theres a side to you that i never knew never knew all the things youd say they were never true never true and the games youd play you would always win always winbut i set fire to the rain watched it pour as i touched your face let it burn while i cry cause i heard it screaming out your name your name misheard bysissyhilo5 i thought it was i said fire to the rain for so long until one day my mom laughed at me and i had to check the lyrics and then realized how stupid i was see all when laying with you i could stay there close my eyes feel you here forever you and me together nothing gets bettercause theres a side to you that i never knew never knew all the things youd say they were never true never true and the games youd play you would always win always winbut i set fire to the rain watched it pour as i touched your face let it burn while i cried cause i heard it screaming out your name your namei set fire to the rain and i threw us into the flames where i felt something die cause i knew that that was the last time the last timesometimes i wake up by the door as if that heart you caught is still waiting for you even now when its already over i cant help myself from looking for youi set fire to the rain watched it pour as i touched your face let it burn while i cried cause i heard it screaming out your name your namei set fire to the rain and i threw us into the flames where i felt something die cause i knew that that was the last time the last time oh oh ohlet it burn oh let it burn let it burn,set fire to the rain,adele,2012,12,1,2010s,sad
same bed but it feels just a little bit bigger now our song on the radio but it dont sound the same when our friends talk about you all it does is just tear me down cause my heart breaks a little when i hear your name it all just sounds like oooooh mmm too young too dumb to realize that ishouldve bought you flowers and held your hand shouldve gave you all my hours when i had the chance take you to every party cause all you wanted to do was dance now my baby is dancing but shes dancing with another man meaning byamandah editor in a 2013 interview with rolling stone bruno told the mag that when i was your man was written about a rocky patch in his relationship with model jessica see all my pride my ego my needs and my selfish ways caused a good strong woman like you to walk out my life now i never never get to clean up the mess i made ooh and it hunts me every time i close my eyes it all just sounds like oooooh mmm too young too dumb to realize that ishouldve bought you flowers and held your hand shouldve gave you all my hours when i had the chance take you to every party cause all you wanted to do was dance now my baby is dancing but shes dancing with another manalthough it hurts ill be the first to say that i was wrooooong oooh i know im probably much too late to try and apologize for my mistakes but i just want you to knowi hope he buys you flowers i hope he holds your hand give you all his hours when he has the chance take you to every party cause i remember how much you loved to dance do all the things i shouldve done when i was your man do all the things i shouldve done when i was your man,when i was your man,bruno mars,2013,8,1,2010s,sad
guess its true im not good at a onenight stand but i still need love cause im just a man these nights never seem to go to plan i dont want you to leave will you hold my handoh wont you stay with me cause youre all i need this aint love its clear to see but darling stay with me meaning byjamesg editor stay with me is a song by english recording artist sam smith from his debut studio album in the lonely hour 2014 it was written by sam smith james see all why am i so emotional no its not a good look gain some self control and deep down i know this never works but you can lay with me so it doesnt hurtoh wont you stay with me cause youre all i need this aint love its clear to see but darling stay with meoh wont you stay with me cause youre all i need this aint love its clear to see but darling stay with meoh wont you stay with me cause youre all i need this aint love its clear to see but darling stay with me,stay with me,sam smith,2014,10,1,2010s,sad
its been a long day without you my friend and ill tell you all about it when i see you again weve come a long way from where we began oh ill tell you all about it when i see you again when i see you again heywiz khalifa dang who knew all the planes we flew good things weve been through that ill be standing right here talking to you bout another path i know we loved to hit the road and laugh but something told me that it wouldnt last had to switch up look at things different see the bigger picture those were the days hard work forever pays now i see you in a better place see you in a better placeuh how can we not talk about family when familys all that we got everything i went through you were standing there by my side and now you gon be with me for the last ride meaning byjamesg editor see you again is a song recorded by american rapper wiz khalifa featuring american singer charlie puth the track is part of the soundtrack of the 2015 see all charlie puth its been a long day without you my friend and ill tell you all about it when i see you again i see you again weve come a long way yeah we came a long way from where we began you know we started oh ill tell you all about it when i see you again let me tell you when i see you againaah oh aah oh woooohohohohohoh yeahwiz khalifa first you both go out your way and the vibe is feeling strong and whats small turn to a friendship a friendship turn to a bond and that bond will never be broken the love will never get lost and the love will never get lost and when brotherhood come first then the line will never be crossed established it on our own when that line had to be drawn and that line is what we reach so remember me when im gone remember me when im gonehow can we not talk about family when familys all that we got everything i went through you were standing there by my side and now you gon be with me for the last ridecharlie puth so let the light guide your way yeah hold every memory as you go and every road you take will always lead you home homeits been a long day without you my friend and ill tell you all about it when i see you again weve come a long way from where we began oh ill tell you all about it when i see you again when i see you againaah oh uh aah oh yeah woooohohohohohoh ya ya when i see you again uh see you again woooohohohohohoh yeah yeah uhhuh when i see you again,see you again,wiz khalifa featuring charlie puth,2015,3,1,2010s,sad
i took two weeks vacation for the honeymoon a couple tickets all inclusive down in cancun i couldnt get my money back so im in seat 7a im getting drunk on a planei bet the fella on the aisle thought i was crazy cause i taped your picture to the seatback right beside me now ive got empty mini bottles fillin both our trays im getting drunk on a planebuyin drinks for everybody but the pilot its a party got this 737 rocking like a g6 stewardess is somethin sexy leanin pourin coke and whiskey told her about my condition got a little milehigh flight attention its mardi gras up in the clouds im up so high i may never come down ill try anything to drown out the pain they all know why im getting drunk on a planewe had this date marked on the calendar forever wed take that new wed limo airport ride together i feel like a plastic groom alone there at the top of the cake so hey im getting drunk on a planebuyin drinks for everybody but the pilot its a party got this 737 rocking like a g6 stewardess is somethin sexy leanin pourin coke and whiskey told her about my condition got a little milehigh flight attention its mardi gras up in the clouds im up so high i may never come down ill try anything to drown out the pain they all know why im getting drunk on a planeon my way home ill bump this seat right up to first class so i can drink that cheap champagne out of a real glass and when we land ill call her up and tell her kiss my ass cause hey im drunk on a planebuyin drinks for everybody but the pilot its a party got this 737 rocking like a g6 stewardess is somethin sexy leanin pourin coke and whiskey told her about my condition got a little milehigh flight attention its mardi gras up in the clouds im up so high i may never come down ill try anything to drown out the pain they all know why im getting drunk on a planeim getting drunk on a plane i might be passed out in the baggage claim but right now im drunk on a plane,drunk on a plane,dierks bentley,2014,79,1,2010s,sad
8 oclock on friday night im still at home all my girls just keep on blowing up my phone saying come on he aint worth the pain do what you gotta do to forget his namenow theres only one thing left for me to do slip on my favorite dress and sky high leather boots check the mirror one last time and kiss the past goodbyewhat im really needing now is a double shot of crown chase that disco ball around til i dont remember go until they cut me off wanna get a little lost in the noise in the lightshey bartender pour em hot tonight til the party and the music and the truth collide bring it til his memory fades away hey bartendertonight ill let a stranger pull me on the floor spin me round and let him buy a couple more but before it goes too far ill let him down easy cause tonight its all about dancing with my girls to the dj put that song on replaywhat im really needing now is a double shot of crown chase that disco ball around til i dont remember go until they cut me off wanna get a little lost in the noise in the lightshey bartender pour em hot tonight til the party and the music and the truth collide bring it til his memory fades away hey bartenderim feeling that buzz im ready to rock aint no way im gonna tell you to stop so pour that thing up to the top im coming in hothey bartender what im really needing now is a double shot of crown chase that disco ball around til i dont remember go until they cut me off wanna get a little lost in the noise in the lightshey bartender pour em hot tonight til the party and the music and the truth collide bring it til his memory fades away hey bartender hey bartender,bartender,lady antebellum,2014,81,1,2010s,sad
i drove by all the places we used to hang out getting wasted i thought about our last kiss how it felt the way you tasted and even though your friends tell me youre doing fineare you somewhere feeling lonely even though hes right beside you when he says those words that hurt you do you read the ones i wrote yousometimes i start to wonder was it just a lie if what we had was real how could you be finecause im not fine at alli remember the day you told me you were leaving i remember the makeup running down your face and the dreams you left behind you didnt need them like every single wish we ever made i wish that i could wake up with amnesia and forget about the stupid little things like the way it felt to fall asleep next to you and the memories i never can escapecause im not fine at allthe pictures that you sent me theyre still living in my phone ill admit i like to see them ill admit i feel alone and all my friends keep asking why im not aroundit hurts to know youre happy yeah it hurts that youve moved on its hard to hear your name when i havent seen you in so longits like we never happened was it just a lie if what we had was real how could you be finecause im not fine at alli remember the day you told me you were leaving i remember the makeup running down your face and the dreams you left behind you didnt need them like every single wish we ever made i wish that i could wake up with amnesia and forget about the stupid little things like the way it felt to fall asleep next to you and the memories i never can escapeif today i woke up with you right beside me like all of this was just some twisted dream id hold you closer than i ever did before and youd never slip away and youd never hear me sayi remember the day you told me you were leaving i remember the makeup running down your face and the dreams you left behind you didnt need them like every single wish we ever made i wish that i could wake up with amnesia and forget about the stupid little things like the way it felt to fall asleep next to you and the memories i never can escapecause im not fine at all no im really not fine at all tell me this is just a dream cause im really not fine at all,amnesia,5 seconds of summer,2014,86,1,2010s,sad